0,1,2,3,4,5,6,7,8,9,10,11,12,13,14,15,16,17,18,19,20,21,22,23,24,25,26,27,28,29,30,31,32,33,34,35,36,37,38,39,40,41,42,43,44,45,46,47,48,49,50,51,52,53,54,55,56,57,58,59,60,61,62,63,64,65,66,67,68,69,70,71,72,73,74,75,76,77,78,79,80,81,82,83,84,85,86,87,88,89,90,91,92,93,94,95,96,97,98,99,100,101,102,103,104,105,106,107,108,109,110,111,112,113,114,115,116,117,118,119,120,121,122,123,124,125,126,127,128,129,130,131,132,133,134,135,136,137,138,139,140,141,142,143,144,145,146,147,148,149,150
1,-0.74725,-0.7468600000000001,-0.74422,-0.74055,-0.73553,-0.73136,-0.72949,-0.72792,-0.72749,-0.7095199999999999,-0.70736,-0.7114,-0.71262,-0.71206,-0.7137899999999999,-0.71531,-0.7166600000000001,-0.723,-0.73038,-0.73411,-0.7337100000000001,-0.73163,-0.7328100000000001,-0.7383,-0.73785,-0.73816,-0.7408899999999999,-0.7339399999999999,-0.73448,-0.73305,-0.73293,-0.7216100000000001,-0.71638,-0.69676,-0.66778,-0.6402,-0.61085,-0.5917899999999999,-0.55801,-0.56791,-0.58839,-0.59363,-0.59307,-0.58204,-0.5555399999999999,-0.53537,-0.51603,-0.50205,-0.48436,-0.46226999999999996,-0.42854,-0.36194,-0.1951,-0.033851,0.20018,0.43823,0.63303,0.8230200000000001,1.0218,1.2202,1.4145,1.5754,1.6964,1.7397,1.7619999999999998,1.7703,1.7745,1.7825,1.7842,1.7891,1.7894,1.7847,1.7777,1.7735,1.7664,1.7576,1.7576,1.7512,1.7543,1.7444,1.7468,1.7431,1.7373,1.7315,1.7219,1.7059,1.6886,1.6723,1.6431,1.587,1.5288,1.4448,1.3331,1.216,1.0677,0.91079,0.76537,0.61238,0.45521000000000006,0.32653000000000004,0.17545999999999998,0.010227,-0.11719,-0.2381,-0.35131,-0.44497,-0.51617,-0.5619,-0.6016100000000001,-0.6035,-0.61145,-0.61965,-0.60654,-0.6023,-0.5989,-0.59125,-0.58634,-0.58386,-0.58538,-0.57353,-0.55882,-0.53318,-0.52299,-0.50838,-0.51715,-0.55423,-0.5884199999999999,-0.6300899999999999,-0.66838,-0.70458,-0.74943,-0.77927,-0.79603,-0.8097,-0.81507,-0.816,-0.81634,-0.8226100000000001,-0.81619,-0.80981,-0.80179,-0.79685,-0.79165,-0.78609,-0.78487,-0.7852399999999999,-0.78606,-0.78684,-0.78709,-0.7802399999999999
2,-1.4143,-1.4154,-1.4163,-1.4157,-1.4185,-1.4171,-1.4189,-1.4166,-1.4165,-1.4172,-1.419,-1.4194,-1.4213,-1.421,-1.4227,-1.4234,-1.4243,-1.423,-1.4241,-1.4218,-1.4067,-1.3118,-1.2018,-1.0014,-0.77258,-0.5150899999999999,-0.25324,-0.00044075,0.23219,0.39607,0.52407,0.62973,0.68785,0.71812,0.7346199999999999,0.74648,0.75444,0.75773,0.7693,0.76345,0.77265,0.75649,0.7660899999999999,0.77071,0.76437,0.7610600000000001,0.76658,0.7598600000000001,0.77464,0.77157,0.76402,0.77342,0.7736,0.77072,0.76703,0.76986,0.76563,0.76659,0.76426,0.7611399999999999,0.76471,0.76965,0.77131,0.76605,0.7709,0.77117,0.7663,0.77176,0.7653,0.76456,0.76107,0.76256,0.7619199999999999,0.75417,0.75593,0.75807,0.75807,0.75908,0.7603,0.7635,0.7618199999999999,0.75941,0.75712,0.75771,0.75572,0.7620899999999999,0.7502,0.75142,0.7421800000000001,0.74695,0.75062,0.75327,0.74941,0.7460600000000001,0.74841,0.74934,0.75269,0.7532,0.75752,0.75229,0.74954,0.75297,0.75131,0.7581,0.75298,0.74231,0.74798,0.7530600000000001,0.76157,0.75747,0.77342,0.7709600000000001,0.7652800000000001,0.75412,0.73153,0.69365,0.6472399999999999,0.59767,0.53876,0.49467,0.42426,0.35201,0.25939,0.15070999999999998,0.026543999999999998,-0.14785,-0.34016,-0.57843,-0.82821,-1.0817,-1.3027,-1.4884,-1.6039,-1.6602,-1.7003,-1.7046,-1.7049,-1.6944,-1.6666,-1.6332,-1.5961,-1.5555,-1.5227,-1.4849,-1.4696,-1.4609,-1.4561,-1.4537,-1.4567,-1.4546
1,-1.0145,-1.0115,-1.0091,-1.0107,-1.0084,-1.0055,-1.0028,-1.0007,-0.99985,-0.99884,-0.9948299999999999,-0.9942,-0.99318,-0.99225,-0.9947299999999999,-0.98813,-0.95235,-0.8965200000000001,-0.8282,-0.7661,-0.7378899999999999,-0.7138100000000001,-0.7123,-0.7188,-0.70799,-0.6816800000000001,-0.66485,-0.6450899999999999,-0.62574,-0.60846,-0.59826,-0.60905,-0.60275,-0.5838899999999999,-0.57017,-0.53503,-0.47697,-0.34597,-0.19466,0.0051994,0.22271999999999997,0.38261999999999996,0.52466,0.66487,0.7793399999999999,0.89986,1.0112,1.109,1.1952,1.2647,1.3276,1.3574,1.3799,1.3877,1.3874,1.3963,1.402,1.4061,1.4035,1.4072,1.4062,1.4064,1.409,1.4103,1.4057,1.4113,1.4058,1.4103,1.4057,1.4059,1.4076,1.4089,1.4121,1.4082,1.4068,1.4119,1.4119,1.4121,1.4083,1.4094,1.4088,1.4111,1.4044,1.3937,1.393,1.3833,1.3782,1.3459,1.3034,1.2363,1.17,1.069,0.9495,0.83175,0.70519,0.56787,0.42283999999999994,0.28474,0.14507,0.0059609,-0.13452999999999998,-0.25499,-0.36363,-0.49027,-0.57408,-0.6238600000000001,-0.6623600000000001,-0.68413,-0.68797,-0.68947,-0.69691,-0.69209,-0.69038,-0.68884,-0.6947300000000001,-0.6896100000000001,-0.6939,-0.70082,-0.7008,-0.70019,-0.70255,-0.70582,-0.70706,-0.70625,-0.7098800000000001,-0.73247,-0.7562,-0.8142699999999999,-0.87121,-0.9671700000000001,-1.0208,-1.0381,-1.028,-1.0095,-0.9962200000000001,-0.9804,-0.96405,-0.95062,-0.9447,-0.9430299999999999,-0.9408200000000001,-0.94145,-0.94129,-0.94483,-0.94473,-0.9498700000000001,-0.94371,-0.94281,-0.94476,-0.9462
1,-1.1557,-1.0903,-1.0469,-1.0288,-1.026,-1.0325,-1.0344,-1.0306,-1.0286,-1.0175,-1.0131,-1.0119,-1.0125,-1.0139,-1.0125,-1.0139,-1.0095,-1.0125,-1.008,-0.99035,-0.94258,-0.8583200000000001,-0.7740199999999999,-0.7026100000000001,-0.66573,-0.63508,-0.62685,-0.639,-0.6440600000000001,-0.64274,-0.6318,-0.62047,-0.62157,-0.60507,-0.59395,-0.57753,-0.55395,-0.50168,-0.39431,-0.23611,-0.060162,0.13458,0.30238000000000004,0.47713999999999995,0.6067100000000001,0.72873,0.8333200000000001,0.9267299999999999,1.0128,1.087,1.1527,1.2035,1.2353,1.2575,1.2682,1.281,1.2762,1.2883,1.2921,1.2995,1.2968,1.3046,1.3062,1.3134,1.3138,1.3151,1.3149,1.3138,1.3169,1.3155,1.3151,1.3178,1.3153,1.3178,1.314,1.3187,1.3187,1.3184,1.3193,1.3204,1.3217,1.3213,1.3219999999999998,1.3185,1.3203,1.3243,1.3192,1.3233,1.325,1.3198,1.3164,1.3071,1.2782,1.242,1.1898,1.1183,1.0395,0.9360299999999999,0.81604,0.6876800000000001,0.55674,0.41476999999999997,0.28071999999999997,0.14273,0.0057476,-0.12069,-0.23531999999999997,-0.34079,-0.4392,-0.5150600000000001,-0.58014,-0.61721,-0.6490100000000001,-0.67691,-0.6947300000000001,-0.72064,-0.73841,-0.75158,-0.76641,-0.7770100000000001,-0.78813,-0.79181,-0.79789,-0.79747,-0.7994899999999999,-0.80524,-0.80513,-0.80067,-0.79745,-0.8012199999999999,-0.80698,-0.81304,-0.8300700000000001,-0.8592200000000001,-0.9081899999999999,-0.97919,-1.0707,-1.1637,-1.2325,-1.2398,-1.2015,-1.1461,-1.0901,-1.0687,-1.0658,-1.0697,-1.0705,-1.0659,-1.0513,-1.0396
2,-0.65478,-0.65491,-0.65408,-0.65345,-0.6549699999999999,-0.6548,-0.65485,-0.6563399999999999,-0.65423,-0.65358,-0.65672,-0.65495,-0.6547,-0.6554399999999999,-0.6549,-0.65367,-0.65562,-0.65599,-0.6554399999999999,-0.65863,-0.65723,-0.65776,-0.66025,-0.66097,-0.65868,-0.66146,-0.66057,-0.6640199999999999,-0.66105,-0.66189,-0.66223,-0.6635,-0.6623600000000001,-0.6623899999999999,-0.66333,-0.66228,-0.66233,-0.6613899999999999,-0.6625300000000001,-0.66291,-0.66306,-0.6653600000000001,-0.66355,-0.6645300000000001,-0.6694100000000001,-0.67599,-0.6579699999999999,-0.5809,-0.45176000000000005,-0.24931999999999999,0.009122,0.25787,0.48078000000000004,0.68699,0.83585,0.98711,1.1334,1.2755,1.4236,1.525,1.6334,1.6521,1.6551,1.6622,1.6687,1.6793,1.6857,1.7003,1.7013,1.7126,1.7201,1.7248,1.7323,1.7333,1.7322,1.7352,1.7352,1.736,1.734,1.7352,1.7309999999999999,1.7312,1.7245,1.7189,1.7103,1.7013,1.6822,1.6538,1.581,1.4535,1.2912,1.1303,0.9696799999999999,0.8292,0.71228,0.62322,0.55192,0.46968999999999994,0.38791,0.29153,0.17942,0.068006,-0.066126,-0.20958000000000002,-0.34617,-0.46897,-0.57019,-0.66503,-0.7428600000000001,-0.81833,-0.84501,-0.84409,-0.83391,-0.8076300000000001,-0.77361,-0.757,-0.74593,-0.7400899999999999,-0.72955,-0.72604,-0.72227,-0.71775,-0.71495,-0.7116,-0.7111,-0.71139,-0.7173,-0.7290800000000001,-0.74151,-0.75749,-0.76768,-0.77863,-0.78464,-0.78561,-0.78651,-0.78674,-0.78588,-0.7852100000000001,-0.78588,-0.7845300000000001,-0.7839,-0.78415,-0.7853399999999999,-0.78541,-0.7852,-0.78564,-0.78678,-0.78535,-0.78401,-0.78142
2,-1.1642,-1.1652,-1.1655,-1.1659,-1.1654,-1.1664,-1.1661,-1.1637,-1.1654,-1.1654,-1.1647,-1.1649,-1.1656,-1.1655,-1.1637,-1.1652,-1.1657,-1.1653,-1.1656,-1.1647,-1.1656,-1.166,-1.1633,-1.1437,-1.1066,-1.0374,-0.9336399999999999,-0.77235,-0.5592699999999999,-0.32669000000000004,-0.09385399999999999,0.14833,0.35275,0.5397,0.69877,0.8229799999999999,0.8994700000000001,0.9501200000000001,0.98382,0.98665,0.9914799999999999,0.97855,0.9827600000000001,0.97464,0.9634299999999999,0.97826,0.98064,0.9824299999999999,0.9859600000000001,0.9877799999999999,0.9849399999999999,0.99313,0.9970600000000001,1.0054,1.0023,1.0043,1.0034,1.0063,1.0018,1.0025,0.99771,0.9978899999999999,0.9994700000000001,1.004,0.9976,0.9954299999999999,0.99365,0.99221,0.9874299999999999,0.99093,0.9955200000000001,0.98945,0.98885,0.9884799999999999,0.98367,0.9823700000000001,0.9823700000000001,0.98665,0.98235,0.98293,0.98682,0.97883,0.9823799999999999,0.97972,0.98144,0.97531,0.97508,0.97741,0.9764799999999999,0.97869,0.9732700000000001,0.97345,0.97398,0.97251,0.9711,0.9733700000000001,0.9599799999999999,0.95024,0.94521,0.9266700000000001,0.9048299999999999,0.8784799999999999,0.8547,0.81702,0.77355,0.72526,0.65353,0.5759,0.47585,0.34815,0.2002,0.024685,-0.15866,-0.36504000000000003,-0.5678300000000001,-0.76059,-0.9257700000000001,-1.0575,-1.1333,-1.1516,-1.1611,-1.1669,-1.1682,-1.1691,-1.1621,-1.1522,-1.14,-1.1306,-1.1203,-1.1088,-1.1071,-1.1072,-1.1091,-1.115,-1.1166,-1.1172,-1.1166,-1.1166,-1.1167,-1.1158,-1.1156,-1.1129,-1.1141,-1.1124,-1.113,-1.1137,-1.1146,-1.1136,-1.1159,-1.1169
2,-0.72728,-0.7288899999999999,-0.72814,-0.72812,-0.7286100000000001,-0.72916,-0.72945,-0.73209,-0.73346,-0.73393,-0.73492,-0.7396,-0.7407,-0.74531,-0.7470600000000001,-0.74989,-0.75052,-0.75125,-0.75242,-0.75133,-0.75297,-0.75192,-0.75164,-0.75066,-0.75242,-0.75251,-0.75446,-0.75331,-0.7540100000000001,-0.75435,-0.75266,-0.75329,-0.7532,-0.7546,-0.75368,-0.75343,-0.75292,-0.75342,-0.75378,-0.75479,-0.75462,-0.75439,-0.75434,-0.74234,-0.69242,-0.59847,-0.43978,-0.24001,0.071359,0.35767,0.47429,0.57836,0.71522,0.84752,0.9886799999999999,1.1523,1.2935,1.4342,1.5462,1.6054,1.6391,1.6538,1.6586,1.6648,1.6692,1.6723,1.6717,1.6781,1.6796,1.6816,1.6853,1.6849,1.679,1.6780000000000002,1.6773,1.6778,1.6778,1.6756,1.6784,1.6825,1.685,1.6885,1.6815,1.6823,1.6708,1.6578,1.6156,1.5578,1.4691,1.3573,1.2246,1.0784,0.9420299999999999,0.81028,0.7006399999999999,0.6046699999999999,0.51995,0.42823,0.32979,0.2163,0.074616,-0.082893,-0.2352,-0.40193,-0.56677,-0.69902,-0.82886,-0.91014,-0.9364100000000001,-0.93073,-0.90335,-0.8641399999999999,-0.8257399999999999,-0.79468,-0.7723,-0.7471300000000001,-0.73553,-0.72041,-0.7086600000000001,-0.70016,-0.69433,-0.6913,-0.68702,-0.67856,-0.67277,-0.66485,-0.65579,-0.65125,-0.64555,-0.6402100000000001,-0.63574,-0.62733,-0.62512,-0.62125,-0.61985,-0.61955,-0.62054,-0.62187,-0.62387,-0.6272800000000001,-0.63144,-0.63305,-0.63475,-0.63958,-0.64451,-0.6463800000000001,-0.65004,-0.6511899999999999,-0.65091,-0.65275
1,-1.173,-1.1721,-1.1659,-1.1704,-1.1687,-1.1637,-1.1596,-1.1607,-1.1587,-1.1549,-1.1505,-1.1416,-1.135,-1.1306,-1.1262,-1.1207,-1.102,-1.0676,-1.0124,-0.9485600000000001,-0.89664,-0.8536100000000001,-0.83888,-0.8242,-0.82705,-0.83009,-0.83567,-0.8459700000000001,-0.83724,-0.82739,-0.80067,-0.79555,-0.79399,-0.7891699999999999,-0.77769,-0.75613,-0.7359100000000001,-0.71223,-0.6953600000000001,-0.67466,-0.6369100000000001,-0.61032,-0.5833699999999999,-0.54892,-0.49083000000000004,-0.44422,-0.36846999999999996,-0.24628000000000003,-0.1187,0.079924,0.28559,0.44563,0.59625,0.74335,0.83826,0.91758,1.002,1.1023,1.1568,1.1795,1.1854,1.2044,1.2479,1.249,1.2562,1.2495,1.2407,1.2589,1.2525,1.2226,1.2243,1.2443,1.2298,1.2291,1.2332,1.2021,1.2021,1.1995,1.1987,1.1823,1.1769,1.1711,1.1757,1.1606,1.1568,1.1675,1.168,1.1752,1.1623,1.1865,1.1858,1.1739,1.1749,1.1759,1.1772,1.1778,1.1943,1.1957,1.1874,1.183,1.1787,1.1825,1.2048,1.2312,1.2526,1.2323,1.167,1.1398,1.0613,0.9852799999999999,0.89123,0.7581600000000001,0.6279100000000001,0.48403999999999997,0.31637,0.15989,0.037676999999999995,-0.11126,-0.22280999999999998,-0.35547,-0.4916,-0.57131,-0.67585,-0.73328,-0.7885,-0.8230299999999999,-0.8422700000000001,-0.85536,-0.8627799999999999,-0.8652,-0.8700399999999999,-0.8744799999999999,-0.86845,-0.8751899999999999,-0.8828600000000001,-0.9005,-0.90696,-0.91864,-0.9362,-0.9550200000000001,-0.9864799999999999,-1.0213,-1.0921,-1.1673,-1.2308,-1.2476,-1.2437,-1.214,-1.1802,-1.1472
1,-0.58663,-0.5856899999999999,-0.58299,-0.58311,-0.5814699999999999,-0.57925,-0.58,-0.58185,-0.58221,-0.5835899999999999,-0.5885,-0.5885600000000001,-0.58925,-0.59187,-0.59201,-0.59592,-0.59459,-0.59644,-0.59992,-0.59941,-0.60321,-0.60263,-0.60385,-0.60468,-0.6038,-0.60452,-0.60448,-0.60364,-0.6039,-0.60197,-0.6005,-0.59663,-0.58632,-0.55657,-0.50849,-0.47578000000000004,-0.47421,-0.46942,-0.48193,-0.49806999999999996,-0.51576,-0.53138,-0.522,-0.50665,-0.48585,-0.46198,-0.42999,-0.37224,-0.30733,-0.24425,-0.08598099999999999,0.081481,0.28883000000000003,0.55447,0.78425,1.0266,1.2468,1.455,1.6916,1.8185,1.8773,1.8919,1.8988,1.9176,1.925,1.9195,1.9108,1.9104,1.9116,1.9179,1.9236,1.9209,1.9149,1.9236,1.9189,1.9379,1.9379,1.9357,1.9201,1.9226,1.9185,1.8947,1.8418,1.7573,1.6342,1.4725,1.2999,1.1303,0.94294,0.76381,0.5925600000000001,0.44414,0.29278000000000004,0.15077000000000002,0.017838,-0.10527,-0.22136,-0.31754,-0.40109,-0.46161,-0.51513,-0.5486,-0.56486,-0.57108,-0.57999,-0.5848,-0.58205,-0.57921,-0.57596,-0.5725100000000001,-0.57053,-0.5676399999999999,-0.5637800000000001,-0.57555,-0.59814,-0.6292399999999999,-0.66622,-0.7020000000000001,-0.73837,-0.7642100000000001,-0.77945,-0.7755,-0.76358,-0.7491899999999999,-0.74175,-0.73841,-0.74322,-0.74288,-0.74265,-0.73774,-0.7344,-0.73042,-0.7290000000000001,-0.73058,-0.73311,-0.73637,-0.7403,-0.74238,-0.74405,-0.74507,-0.74579,-0.74625,-0.74708,-0.74736,-0.7488199999999999,-0.75054,-0.75066,-0.75117,-0.75129,-0.75159
2,-1.1404,-1.1382,-1.1347,-1.1314,-1.1284,-1.122,-1.1197,-1.1205,-1.1221,-1.1199,-1.1209,-1.1213,-1.1173,-1.1159999999999999,-1.1149,-1.1155,-1.1159999999999999,-1.1161,-1.1117,-1.0972,-1.0346,-0.93371,-0.74261,-0.52537,-0.27518000000000004,0.0017656,0.26704,0.48868,0.69195,0.80355,0.9021299999999999,0.9608200000000001,0.99985,0.99711,1.0011,1.0077,0.99315,0.99236,0.9933,0.99802,0.98941,0.99165,0.98919,0.99431,0.99054,0.9959899999999999,1.0005,0.9986,0.99625,1.006,0.9999899999999999,1.0048,1.0019,1.0032,1.0012,1.0021,0.99639,0.99372,0.99408,0.99519,0.99106,0.9928899999999999,0.98383,0.98272,0.9807799999999999,0.98283,0.9809,0.97826,0.97259,0.97365,0.97188,0.97477,0.9666799999999999,0.9632200000000001,0.96965,0.97111,0.97111,0.9643,0.9677399999999999,0.96552,0.96739,0.96467,0.9660200000000001,0.96721,0.9681799999999999,0.97116,0.9779100000000001,0.97536,0.9804299999999999,0.98521,0.99249,1.0028,1.0032,1.0111,1.0116,1.0064,0.9701799999999999,0.9184200000000001,0.8549,0.76522,0.65683,0.5391,0.40235,0.25313,0.088415,-0.078468,-0.2405,-0.40554,-0.56515,-0.71015,-0.84998,-0.9577100000000001,-1.0514,-1.1172,-1.1727,-1.1921,-1.1906,-1.1917,-1.1869,-1.176,-1.1596,-1.145,-1.135,-1.1291,-1.1253,-1.126,-1.1225,-1.1214,-1.1251,-1.1241,-1.1235,-1.1235,-1.1236,-1.1245,-1.1229,-1.1252,-1.1241,-1.1214,-1.1219,-1.1226,-1.1211,-1.1236,-1.1196,-1.1179999999999999,-1.1175,-1.117,-1.1159999999999999,-1.1158,-1.115,-1.1169
1,-0.66537,-0.6654399999999999,-0.66479,-0.6653100000000001,-0.6664,-0.66694,-0.66856,-0.66752,-0.67025,-0.67064,-0.67243,-0.66956,-0.67028,-0.66997,-0.67119,-0.6673399999999999,-0.66693,-0.66423,-0.66301,-0.65942,-0.65776,-0.6578,-0.65904,-0.65483,-0.6540199999999999,-0.65454,-0.65194,-0.65291,-0.65163,-0.6531,-0.64659,-0.63025,-0.5948100000000001,-0.54178,-0.50249,-0.49503,-0.48993000000000003,-0.49115,-0.5079199999999999,-0.51412,-0.50835,-0.49376000000000003,-0.47588,-0.4553,-0.43099,-0.40342,-0.34624,-0.26493,-0.18604,0.10668,0.33066,0.5554399999999999,0.65469,0.82434,1.0104,1.1981,1.3719,1.5525,1.7032,1.8089,1.8447,1.8667,1.8703,1.8816,1.8848,1.8808,1.885,1.8796,1.8926,1.8883,1.8913,1.8876,1.8907,1.8895,1.8884,1.8809,1.8809,1.8822,1.886,1.879,1.8695,1.8459,1.7858,1.709,1.5809,1.4541,1.2938,1.135,0.9470799999999999,0.75807,0.57755,0.40083,0.21253000000000002,0.066393,-0.09762799999999999,-0.22931999999999997,-0.35377,-0.44478,-0.5060899999999999,-0.55113,-0.58068,-0.58297,-0.5773199999999999,-0.57111,-0.57616,-0.57829,-0.57597,-0.56997,-0.5674899999999999,-0.56009,-0.55838,-0.54751,-0.5343899999999999,-0.53313,-0.53599,-0.5521199999999999,-0.5806899999999999,-0.60835,-0.6350899999999999,-0.66879,-0.70552,-0.73238,-0.7377100000000001,-0.74243,-0.74488,-0.74498,-0.74569,-0.74656,-0.7438,-0.73895,-0.7324,-0.7307,-0.7262,-0.72551,-0.7253,-0.72665,-0.72517,-0.72516,-0.72275,-0.7207,-0.72015,-0.7194699999999999,-0.71951,-0.72137,-0.71954,-0.7187100000000001,-0.71997,-0.7189399999999999,-0.71628,-0.71716
1,-1.0046,-0.99984,-0.99525,-0.9920200000000001,-0.9912,-0.98756,-0.9964700000000001,-0.9968799999999999,-0.9986700000000001,-0.9978799999999999,-0.9954200000000001,-0.99703,-0.9949100000000001,-0.9981399999999999,-1.004,-1.0087,-1.0031,-0.97678,-0.9248200000000001,-0.8754799999999999,-0.8587899999999999,-0.80898,-0.7904,-0.77591,-0.7783899999999999,-0.78625,-0.77294,-0.755,-0.74812,-0.7361300000000001,-0.7180300000000001,-0.70604,-0.70618,-0.6954100000000001,-0.6771699999999999,-0.66194,-0.64408,-0.61807,-0.59797,-0.58082,-0.5343600000000001,-0.46837,-0.36494,-0.21191,-0.060381,0.13806,0.31808000000000003,0.45382,0.61826,0.73431,0.8292799999999999,0.9232100000000001,0.9990399999999999,1.1129,1.1741,1.2205,1.2731,1.2187,1.2431,1.2582,1.2834,1.2846,1.2882,1.2708,1.2762,1.2770000000000001,1.2816,1.2824,1.2958,1.3143,1.3156,1.3069,1.3043,1.2959,1.3135,1.304,1.304,1.2866,1.3088,1.3036,1.3049,1.3037,1.3109,1.2933,1.3061,1.2998,1.3021,1.3064,1.305,1.317,1.3355,1.3327,1.3328,1.3334,1.3319,1.3361,1.3659999999999999,1.3139,1.252,1.2095,1.1249,1.0346,0.9082899999999999,0.7592800000000001,0.5896600000000001,0.43872,0.27345,0.092971,-0.044675,-0.2085,-0.3159,-0.4451,-0.56524,-0.61256,-0.66498,-0.70297,-0.71339,-0.72622,-0.7290399999999999,-0.73657,-0.73907,-0.74295,-0.74157,-0.74568,-0.75456,-0.75995,-0.77015,-0.78017,-0.7881199999999999,-0.80403,-0.82611,-0.8734299999999999,-0.9396,-1.0254,-1.1255,-1.1544,-1.1558,-1.137,-1.1182,-1.0991,-1.0802,-1.0602,-1.0445,-1.0395,-1.0407,-1.0442,-1.0441,-1.0449,-1.0442,-1.0433
2,-1.2409999999999999,-1.2388,-1.2408,-1.2414,-1.2408,-1.2429,-1.2417,-1.2422,-1.2418,-1.2419,-1.2452,-1.2464,-1.2476,-1.2467,-1.2515,-1.2479,-1.2469,-1.2261,-1.1543,-1.0452,-0.8645299999999999,-0.63553,-0.3926,-0.13683,0.11298,0.33523000000000003,0.5203,0.67186,0.78919,0.86149,0.93173,0.9608,0.9808899999999999,0.9902799999999999,0.98521,0.99511,0.9848,0.9747399999999999,0.9778,0.9697600000000001,0.9656,0.97154,0.9655799999999999,0.9717600000000001,0.9684200000000001,0.96847,0.9610299999999999,0.9619200000000001,0.9648399999999999,0.9680700000000001,0.96155,0.9678200000000001,0.96778,0.96614,0.96949,0.9661299999999999,0.95914,0.9613299999999999,0.9637100000000001,0.9623200000000001,0.96006,0.96399,0.9624799999999999,0.96241,0.9673200000000001,0.96229,0.96181,0.9585899999999999,0.95972,0.9623299999999999,0.9621299999999999,0.9588200000000001,0.96211,0.95836,0.95773,0.95905,0.95905,0.96216,0.9594299999999999,0.96134,0.95985,0.95924,0.9600700000000001,0.96455,0.9616899999999999,0.9687,0.9737899999999999,0.9754,0.98314,0.98141,0.9797799999999999,0.97605,0.96634,0.94555,0.9251,0.8683799999999999,0.82655,0.8024,0.75017,0.70111,0.65554,0.57805,0.49083000000000004,0.39199,0.25267,0.09323200000000001,-0.073162,-0.26166999999999996,-0.46163999999999994,-0.62985,-0.7863899999999999,-0.9222899999999999,-1.0194,-1.0942,-1.1514,-1.177,-1.181,-1.1858,-1.1863,-1.1831,-1.1806,-1.1632,-1.1602,-1.1485,-1.1446,-1.1373,-1.136,-1.1323,-1.1254,-1.1226,-1.1199,-1.1133,-1.1126,-1.1059999999999999,-1.1028,-1.1,-1.1008,-1.0972,-1.0987,-1.0992,-1.1001,-1.1017,-1.1043,-1.1056,-1.1053,-1.1059999999999999,-1.1057,-1.1077,-1.1088,-1.1078
2,-0.6129,-0.61107,-0.6115,-0.61053,-0.6087600000000001,-0.6108399999999999,-0.61122,-0.61026,-0.61059,-0.6086699999999999,-0.6078899999999999,-0.60821,-0.60727,-0.60563,-0.6051300000000001,-0.60577,-0.60643,-0.60464,-0.604,-0.60383,-0.60038,-0.5962,-0.5907899999999999,-0.5847,-0.57877,-0.56525,-0.5624100000000001,-0.55876,-0.55665,-0.5535399999999999,-0.54869,-0.54697,-0.54604,-0.54438,-0.5413899999999999,-0.5417,-0.54246,-0.5412600000000001,-0.5402899999999999,-0.54092,-0.5421100000000001,-0.5431600000000001,-0.54496,-0.54677,-0.55166,-0.55389,-0.55329,-0.54003,-0.49368,-0.40599,-0.25075,-0.04947,0.27212,0.44522,0.55208,0.6624899999999999,0.77984,0.89602,1.0232,1.1738,1.3332,1.4718,1.5553,1.5978,1.6187,1.6327,1.6407,1.6421,1.6475,1.6574,1.6579,1.6636,1.6709,1.6771,1.6749,1.6755,1.6755,1.6780000000000002,1.6805,1.6802,1.6813,1.6869,1.6854,1.6811,1.6818,1.6833,1.6824,1.6798,1.6669,1.6393,1.6030000000000002,1.5444,1.4543,1.3231,1.186,1.0512,0.9262600000000001,0.8124399999999999,0.71808,0.60887,0.48208,0.36456,0.15583,-0.11062000000000001,-0.34097,-0.5375300000000001,-0.70306,-0.82201,-0.8891700000000001,-0.9240299999999999,-0.9346200000000001,-0.93389,-0.92469,-0.9150299999999999,-0.9025200000000001,-0.89325,-0.8866299999999999,-0.8844,-0.8808299999999999,-0.8779,-0.87623,-0.8726200000000001,-0.86666,-0.8593299999999999,-0.84782,-0.8415100000000001,-0.83716,-0.8339700000000001,-0.83421,-0.83336,-0.83089,-0.83021,-0.83154,-0.8313,-0.8320299999999999,-0.83216,-0.8332700000000001,-0.83493,-0.8362,-0.83491,-0.83416,-0.8303200000000001,-0.82837,-0.82409,-0.82178,-0.82026,-0.81738,-0.81504,-0.81485,-0.81423
1,-0.69775,-0.7057,-0.7207899999999999,-0.72742,-0.7356199999999999,-0.74043,-0.74421,-0.7451800000000001,-0.74955,-0.7508600000000001,-0.75026,-0.75035,-0.7517199999999999,-0.75217,-0.75108,-0.7500899999999999,-0.74862,-0.7468,-0.74207,-0.73588,-0.72609,-0.71953,-0.7064199999999999,-0.69819,-0.6931,-0.6859,-0.682,-0.68165,-0.68079,-0.6793100000000001,-0.68152,-0.6831,-0.68634,-0.68755,-0.6714399999999999,-0.63162,-0.59412,-0.56834,-0.56028,-0.5592600000000001,-0.57157,-0.58611,-0.57228,-0.53073,-0.48976000000000003,-0.4642,-0.43368,-0.38103000000000004,-0.30576,-0.23081,-0.049493999999999996,0.23508,0.21921999999999997,0.68255,0.77049,0.99761,1.1684,1.3594,1.5721,1.7108,1.8126,1.87,1.8776,1.8958,1.8907,1.8946,1.9002,1.8998,1.8981,1.9012,1.8995,1.8998,1.9032,1.9112,1.9097,1.9118,1.9118,1.9082,1.91,1.9066,1.8956,1.875,1.8366,1.7575,1.6557,1.5303,1.3851,1.2245,1.054,0.89269,0.73679,0.58711,0.45163000000000003,0.29736,0.15984,0.014731000000000001,-0.10665999999999999,-0.21329,-0.29783000000000004,-0.36646,-0.41745,-0.44271000000000005,-0.46796000000000004,-0.4823,-0.5008100000000001,-0.5085,-0.5200600000000001,-0.52672,-0.52435,-0.52188,-0.5141100000000001,-0.50326,-0.49001000000000006,-0.46938,-0.45698999999999995,-0.45043,-0.46387,-0.48536,-0.52003,-0.5606399999999999,-0.6010800000000001,-0.6449199999999999,-0.67481,-0.69647,-0.7102,-0.71558,-0.71711,-0.7186600000000001,-0.71883,-0.71532,-0.70343,-0.6839,-0.66809,-0.6600600000000001,-0.6584300000000001,-0.66022,-0.66873,-0.67879,-0.68947,-0.69211,-0.69047,-0.69055,-0.68884,-0.68071,-0.67652,-0.67769,-0.67384,-0.6764,-0.6765100000000001,-0.67529
1,-0.6461,-0.64542,-0.64362,-0.64275,-0.6422800000000001,-0.63936,-0.63978,-0.63951,-0.6399,-0.64562,-0.6542100000000001,-0.65733,-0.65774,-0.66156,-0.66156,-0.6610199999999999,-0.66284,-0.6644100000000001,-0.6643899999999999,-0.6642899999999999,-0.66252,-0.6638,-0.66467,-0.66525,-0.66397,-0.66563,-0.66482,-0.6651600000000001,-0.6652899999999999,-0.66588,-0.66409,-0.66459,-0.66467,-0.66096,-0.64299,-0.60087,-0.5545100000000001,-0.52178,-0.50479,-0.49981000000000003,-0.51072,-0.52017,-0.50962,-0.49418999999999996,-0.47131999999999996,-0.43333999999999995,-0.41141000000000005,-0.3846,-0.34586999999999996,-0.27054,-0.15696,-0.048852,0.24126,0.57735,0.67588,0.8436299999999999,1.119,1.3295,1.5513,1.7203,1.8762,1.9797,2.0203,2.0547,2.0664,2.0654,2.0665,2.0723,2.0791,2.0848,2.0847,2.0836,2.0825,2.0835,2.0721,2.0664,2.0664,2.0343,1.9953,1.9253,1.8304,1.7179,1.5888,1.4713,1.3032,1.1656,1.0212,0.87784,0.72763,0.56814,0.43258,0.30138000000000004,0.19052,0.072736,-0.037602,-0.13047,-0.19885999999999998,-0.25984,-0.30985,-0.34060999999999997,-0.37164,-0.39185,-0.40517,-0.41261000000000003,-0.42031999999999997,-0.43565,-0.43723999999999996,-0.4365,-0.44208000000000003,-0.45021000000000005,-0.46598,-0.47253,-0.48425,-0.48908,-0.5012300000000001,-0.50866,-0.52237,-0.56495,-0.5995699999999999,-0.63359,-0.67455,-0.7124199999999999,-0.7468,-0.76608,-0.76953,-0.7656,-0.76184,-0.75069,-0.74015,-0.73244,-0.72835,-0.72693,-0.7219300000000001,-0.71605,-0.7118,-0.70831,-0.70572,-0.70177,-0.69809,-0.69228,-0.68484,-0.6782,-0.6736,-0.67181,-0.6702600000000001,-0.67082,-0.66709,-0.66668,-0.66656,-0.66542
2,-1.2848,-1.2887,-1.2782,-1.2826,-1.2738,-1.2879,-1.2816,-1.2855,-1.2906,-1.286,-1.2819999999999998,-1.2786,-1.2757,-1.2891,-1.2758,-1.2846,-1.29,-1.2878,-1.2748,-1.2785,-1.2794,-1.2843,-1.2929,-1.2863,-1.2898,-1.237,-1.143,-1.015,-0.84416,-0.5049100000000001,-0.24436999999999998,0.027999,0.27743,0.48783000000000004,0.659,0.70423,0.76544,0.77723,0.86998,0.8196899999999999,0.94273,0.9704299999999999,0.9055200000000001,0.9347200000000001,0.92276,0.85767,0.78083,0.77235,0.84725,0.91458,0.8949600000000001,0.87765,0.8921399999999999,0.78595,0.78108,0.9098299999999999,0.89381,0.8747299999999999,0.85151,0.84335,0.80667,0.79242,0.83896,0.8423299999999999,0.8390299999999999,0.85941,0.79978,0.8555200000000001,0.88585,0.87595,0.87616,0.87456,0.8427600000000001,0.83786,0.83849,0.8291700000000001,0.8291700000000001,0.8800600000000001,0.81542,0.8560700000000001,0.8348399999999999,0.80761,0.79266,0.83529,0.80787,0.8360299999999999,0.81288,0.8164100000000001,0.81675,0.8536299999999999,0.8458200000000001,0.8316899999999999,0.8611700000000001,0.84114,0.8484299999999999,0.85934,0.81823,0.8239299999999999,0.8358,0.84445,0.84525,0.7874800000000001,0.80111,0.8016800000000001,0.8632700000000001,0.77649,0.8118,0.84888,0.77989,0.78771,0.8154100000000001,0.78245,0.79609,0.69189,0.54719,0.46913999999999995,0.47503,0.37824,0.36177,0.30265,0.18574000000000002,0.11794,0.029247000000000002,-0.12279000000000001,-0.15779,-0.43118999999999996,-0.6634899999999999,-0.91086,-1.065,-1.2024,-1.35,-1.4547,-1.5256,-1.5491,-1.5569,-1.5552,-1.5359,-1.5024,-1.4662,-1.4279,-1.3999,-1.3843,-1.3751,-1.3757,-1.3761,-1.3774,-1.3964,-1.3777,-1.3944,-1.3867
2,-0.4971,-0.49656999999999996,-0.49906000000000006,-0.50117,-0.50198,-0.50532,-0.5107,-0.5131600000000001,-0.5165,-0.5162800000000001,-0.5153,-0.51278,-0.50707,-0.50305,-0.49598000000000003,-0.49127,-0.48591000000000006,-0.48173,-0.48198,-0.48013,-0.47938000000000003,-0.48157,-0.48413,-0.4903,-0.49155,-0.49593999999999994,-0.49662,-0.49728999999999995,-0.49832,-0.49905,-0.49888999999999994,-0.50016,-0.50189,-0.50561,-0.51078,-0.51602,-0.5207,-0.52362,-0.52709,-0.52769,-0.53018,-0.5315,-0.52942,-0.51758,-0.46623000000000003,-0.38725,-0.28806,-0.25181,-2.1541,0.16569,-0.73224,0.58319,0.6895899999999999,0.77942,0.9045700000000001,1.1007,1.3441,1.5933,1.7616,1.8975,1.9468,1.963,1.9823,1.9759,1.9753,1.9872,1.9889,2.005,2.0098,2.01,2.0116,2.0185,2.0098,2.0099,2.0232,2.0069999999999997,2.0069999999999997,2.0019,1.9684,1.8792,1.7684,1.6392,1.5001,1.3641,1.2484,1.1112,0.9704799999999999,0.90523,0.763,0.44014,0.26399,0.06312100000000001,-0.17663,-0.33361,-0.47976,-0.6230399999999999,-0.72534,-0.7901,-0.81252,-0.81198,-0.7983399999999999,-0.77899,-0.75117,-0.7188100000000001,-0.69699,-0.6752199999999999,-0.66261,-0.65212,-0.6459,-0.63943,-0.6375,-0.63703,-0.6363,-0.63864,-0.6422399999999999,-0.64586,-0.6500100000000001,-0.65005,-0.64781,-0.64561,-0.6417,-0.63802,-0.6330899999999999,-0.6311100000000001,-0.62783,-0.6238199999999999,-0.62128,-0.62107,-0.61898,-0.61793,-0.6191800000000001,-0.61616,-0.61203,-0.60905,-0.60763,-0.60091,-0.59754,-0.5886,-0.58304,-0.5777100000000001,-0.5757899999999999,-0.57333,-0.5726,-0.57121,-0.56872,-0.56952,-0.568,-0.56775,-0.5665100000000001,-0.56622
1,-0.59275,-0.59342,-0.59106,-0.58701,-0.58473,-0.58355,-0.58082,-0.58014,-0.5788800000000001,-0.57443,-0.5753199999999999,-0.5726899999999999,-0.5717,-0.57006,-0.57009,-0.57398,-0.57193,-0.57486,-0.5733,-0.57539,-0.5752,-0.57767,-0.5768300000000001,-0.57649,-0.57507,-0.5766899999999999,-0.57704,-0.5775,-0.57518,-0.5720000000000001,-0.56506,-0.54985,-0.52528,-0.50451,-0.50425,-0.50333,-0.517,-0.53261,-0.54998,-0.55256,-0.54748,-0.52584,-0.50635,-0.49782,-0.48655,-0.4757,-0.4428,-0.3817,-0.2866,-0.20681999999999998,-0.069773,0.20619,0.44492,0.61683,0.9241799999999999,1.2047,1.4796,1.7118,1.8873,1.9556,1.9881,2.0047,2.0033,2.0045,2.0045,2.0047,1.9980000000000002,1.9946,1.9936,1.9843,1.9789,1.9764,1.9686,1.9632,1.9569999999999999,1.9429,1.9429,1.9275,1.9040000000000001,1.8613,1.8012,1.7208,1.6095,1.4683,1.3281,1.1857,1.0208,0.8647600000000001,0.7087,0.5573,0.4118,0.27286,0.13865999999999998,-0.012638,-0.10061,-0.20978000000000002,-0.31103000000000003,-0.38506,-0.43843000000000004,-0.48846000000000006,-0.52935,-0.55534,-0.56329,-0.58373,-0.58705,-0.5867899999999999,-0.5867100000000001,-0.59109,-0.5899,-0.59126,-0.59211,-0.59011,-0.58929,-0.59058,-0.5835,-0.57536,-0.57057,-0.58021,-0.59235,-0.6151800000000001,-0.64864,-0.68125,-0.71402,-0.7348399999999999,-0.74154,-0.7489100000000001,-0.7562800000000001,-0.76977,-0.77832,-0.7821,-0.78414,-0.7831199999999999,-0.7783800000000001,-0.77475,-0.7693800000000001,-0.76955,-0.76562,-0.76152,-0.75327,-0.74961,-0.74141,-0.73554,-0.72868,-0.72255,-0.71963,-0.71633,-0.7148399999999999,-0.71423,-0.7127899999999999,-0.7142
1,-0.75584,-0.75643,-0.75705,-0.75955,-0.76078,-0.7602800000000001,-0.76279,-0.76536,-0.76644,-0.7712100000000001,-0.77362,-0.77509,-0.77475,-0.77765,-0.7782899999999999,-0.77937,-0.77998,-0.78272,-0.7812399999999999,-0.78318,-0.78303,-0.7823100000000001,-0.7823399999999999,-0.78232,-0.78195,-0.7820699999999999,-0.78112,-0.78122,-0.7794300000000001,-0.78033,-0.7797,-0.77605,-0.75939,-0.72911,-0.6894399999999999,-0.6524800000000001,-0.6362,-0.6334,-0.64142,-0.65299,-0.67397,-0.67205,-0.6576,-0.6282800000000001,-0.61461,-0.5837899999999999,-0.54081,-0.47356000000000004,-0.39369,-0.27583,0.0074245000000000005,0.27016999999999997,0.3887,0.5735899999999999,0.7699699999999999,0.99455,1.1798,1.3646,1.5034,1.5886,1.6188,1.6328,1.639,1.6342,1.6422,1.6461,1.6538,1.6556,1.6581,1.6562,1.6547,1.6599,1.6704,1.6667,1.6718,1.6762,1.6762,1.6862,1.6867,1.6947,1.6974,1.7015,1.7127,1.7132,1.7102,1.6946,1.673,1.6496,1.6051,1.5504,1.4584,1.3417,1.2096,1.0535,0.9163,0.73922,0.58125,0.41323000000000004,0.26761999999999997,0.15011,0.028905,-0.06908500000000001,-0.17404,-0.24420999999999998,-0.31511,-0.37706,-0.42943000000000003,-0.4606,-0.49291,-0.51269,-0.52762,-0.54328,-0.56094,-0.56691,-0.56921,-0.5644600000000001,-0.5625899999999999,-0.5529999999999999,-0.5445,-0.53845,-0.5359,-0.53755,-0.5454,-0.5728,-0.60396,-0.64422,-0.67177,-0.70472,-0.7328,-0.7522,-0.76381,-0.7753800000000001,-0.77996,-0.7841,-0.78601,-0.7873,-0.7889,-0.78922,-0.79025,-0.79083,-0.79032,-0.79205,-0.79765,-0.80666,-0.81817,-0.83283,-0.845,-0.85444,-0.86139,-0.86472
1,-0.60293,-0.60255,-0.6015199999999999,-0.6017100000000001,-0.6001,-0.59708,-0.5969,-0.5967100000000001,-0.5988899999999999,-0.5982,-0.59804,-0.5975199999999999,-0.59542,-0.59731,-0.5925600000000001,-0.5877399999999999,-0.58665,-0.5844600000000001,-0.58272,-0.58338,-0.58363,-0.58435,-0.58373,-0.58263,-0.58468,-0.58443,-0.58318,-0.5828800000000001,-0.5835199999999999,-0.58406,-0.58018,-0.55977,-0.53719,-0.51941,-0.5130899999999999,-0.5119199999999999,-0.52404,-0.5473600000000001,-0.57171,-0.5778,-0.57448,-0.55603,-0.52407,-0.50125,-0.45905,-0.40841,-0.33568000000000003,-0.23287,-0.1382,0.054768,0.29286999999999996,0.4062,0.65869,0.8967299999999999,1.1368,1.3721,1.5708,1.7629,1.8698,1.9778,1.9928,2.0151,2.0318,2.0364,2.0408,2.04,2.0472,2.044,2.045,2.0503,2.0475,2.0473,2.0498,2.053,2.0429,2.0214,2.0214,1.9742,1.9128,1.8068,1.6602,1.5266,1.3651,1.2026,1.0339,0.8959799999999999,0.73883,0.60168,0.45969,0.30811,0.18116,0.06378099999999999,-0.047109,-0.13348,-0.20831,-0.28429,-0.35423000000000004,-0.40560999999999997,-0.45024,-0.47497,-0.48991,-0.5040399999999999,-0.5059600000000001,-0.50522,-0.50449,-0.50267,-0.5081,-0.5061899999999999,-0.5028199999999999,-0.50092,-0.50425,-0.5126,-0.5231,-0.53584,-0.5572199999999999,-0.5938100000000001,-0.64585,-0.69458,-0.7299899999999999,-0.75885,-0.76359,-0.7633800000000001,-0.76034,-0.75572,-0.75795,-0.7612899999999999,-0.76349,-0.76371,-0.7605,-0.74902,-0.73732,-0.7279899999999999,-0.72202,-0.71673,-0.71507,-0.71408,-0.71397,-0.71322,-0.7156399999999999,-0.7147100000000001,-0.7128800000000001,-0.71385,-0.71621,-0.7196899999999999,-0.72306,-0.7247399999999999,-0.72506,-0.72626,-0.72551,-0.7237399999999999
2,-0.70239,-0.70085,-0.69996,-0.69718,-0.6945899999999999,-0.6924399999999999,-0.69286,-0.69187,-0.6906,-0.6920000000000001,-0.6895399999999999,-0.6893699999999999,-0.68825,-0.68805,-0.68884,-0.6907,-0.69033,-0.6907,-0.68958,-0.69153,-0.69019,-0.69188,-0.6927800000000001,-0.69221,-0.69021,-0.68952,-0.6905600000000001,-0.6894,-0.69048,-0.68901,-0.68788,-0.68823,-0.68623,-0.68734,-0.68814,-0.6888,-0.68905,-0.68917,-0.68835,-0.68952,-0.6875100000000001,-0.68695,-0.68758,-0.68934,-0.679,-0.63703,-0.56237,-0.45082,-0.30609000000000003,-0.11732000000000001,0.076609,0.26131,0.43503000000000003,0.5848899999999999,0.7317899999999999,0.8966799999999999,1.0706,1.2397,1.3765,1.4897,1.5382,1.5486,1.5506,1.5557,1.5621,1.5608,1.5696,1.5763,1.5853,1.591,1.5982,1.6096,1.6099,1.6112,1.6158,1.6128,1.6128,1.6167,1.6142,1.6159999999999999,1.6111,1.6089,1.6091,1.6011,1.5919,1.588,1.5858,1.5861,1.5766,1.5659,1.5482,1.5135,1.4612,1.3723,1.2683,1.1523,1.0290000000000001,0.9012700000000001,0.7682399999999999,0.63249,0.48245,0.29616,0.08094900000000001,-0.12742,-0.31928,-0.47163999999999995,-0.59526,-0.7046100000000001,-0.80616,-0.86829,-0.8889,-0.8747299999999999,-0.84139,-0.80318,-0.78033,-0.76466,-0.76107,-0.7608600000000001,-0.7624,-0.75588,-0.7549899999999999,-0.75234,-0.74637,-0.74585,-0.74765,-0.7488600000000001,-0.75217,-0.75657,-0.76232,-0.7629,-0.76605,-0.76802,-0.76654,-0.76727,-0.7700600000000001,-0.77495,-0.7812899999999999,-0.78827,-0.79515,-0.79733,-0.80633,-0.8093899999999999,-0.80579,-0.80493,-0.80232,-0.80005,-0.7974,-0.79818,-0.79514,-0.79359
2,-0.64176,-0.6372899999999999,-0.63569,-0.63453,-0.6312,-0.62883,-0.62226,-0.62258,-0.6157600000000001,-0.61492,-0.61107,-0.60533,-0.60459,-0.60347,-0.60365,-0.60236,-0.5986100000000001,-0.594,-0.59313,-0.5936100000000001,-0.5916899999999999,-0.59054,-0.5887600000000001,-0.59077,-0.58915,-0.5888399999999999,-0.58492,-0.5877899999999999,-0.58487,-0.5825100000000001,-0.58211,-0.58021,-0.57834,-0.57734,-0.57648,-0.57512,-0.5763699999999999,-0.57638,-0.57691,-0.57685,-0.57894,-0.57892,-0.58292,-0.58382,-0.59011,-0.5776899999999999,-0.54005,-0.43018,-0.26556,-0.050504,-2.5,0.28115999999999997,-0.8106899999999999,0.61282,0.8786299999999999,1.0592,1.2141,1.3729,1.5103,1.6288,1.7012,1.7436,1.774,1.775,1.7872,1.7876,1.8004,1.8024,1.8118,1.8276,1.8230000000000002,1.8239,1.8209,1.8222,1.8275,1.8212,1.8212,1.8202,1.8267,1.8287,1.8205,1.8074,1.7918,1.7597,1.7158,1.6378,1.536,1.3963,1.2409,1.0789,0.93169,0.7893600000000001,0.6712100000000001,0.54091,0.4457,0.36483000000000004,0.25985,0.09374600000000001,-0.039883999999999996,-0.17653,-0.26268,-0.37799,-0.49565,-0.61034,-0.69118,-0.7543,-0.79962,-0.82086,-0.8269,-0.82462,-0.80716,-0.7811899999999999,-0.7570600000000001,-0.73047,-0.70886,-0.7065100000000001,-0.70057,-0.69989,-0.6974899999999999,-0.69796,-0.69442,-0.68748,-0.67443,-0.6572600000000001,-0.64052,-0.61017,-0.58846,-0.57158,-0.55888,-0.55299,-0.54478,-0.54223,-0.54319,-0.5461,-0.56498,-0.57838,-0.5957399999999999,-0.61387,-0.62897,-0.63488,-0.63853,-0.64293,-0.64379,-0.64417,-0.64623,-0.64647,-0.6465,-0.6470100000000001,-0.64762,-0.6465
1,-1.1063,-1.1656,-1.2526,-1.3416,-1.4322,-1.455,-1.4287,-1.3685,-1.3147,-1.2723,-1.2543,-1.2542,-1.2518,-1.2501,-1.2469,-1.2412,-1.2396,-1.238,-1.2342,-1.2204,-1.1697,-1.1006,-1.0259,-0.9355899999999999,-0.8841700000000001,-0.8537100000000001,-0.84359,-0.83883,-0.84645,-0.84039,-0.82725,-0.81389,-0.79743,-0.76577,-0.7428,-0.72447,-0.67713,-0.5908,-0.44373,-0.28815999999999997,-0.10902,0.084629,0.24966,0.40831999999999996,0.54929,0.65983,0.7730600000000001,0.8672200000000001,0.9368200000000001,0.99256,1.0293,1.0557,1.0732,1.079,1.0916,1.0874,1.089,1.0914,1.0922,1.0948,1.0852,1.0912,1.0944,1.0986,1.1017,1.1022,1.0979,1.1018,1.1016,1.1074,1.1033,1.1035,1.1037,1.1,1.1059999999999999,1.0992,1.0992,1.0978,1.0963,1.1032,1.0965,1.0987,1.0957,1.0966,1.0961,1.1045,1.0971,1.0957,1.0978,1.1003,1.0932,1.0948,1.0979999999999999,1.0963,1.0969,1.097,1.099,1.0991,1.0918,1.0956,1.0916,1.0876,1.0806,1.0694,1.052,1.0241,0.97775,0.92095,0.83672,0.7397,0.61568,0.49257,0.35628000000000004,0.20406,0.050825999999999996,-0.11578,-0.29423,-0.43706000000000006,-0.5584899999999999,-0.6552399999999999,-0.71305,-0.75369,-0.79115,-0.8226700000000001,-0.8505299999999999,-0.8652200000000001,-0.8704700000000001,-0.87855,-0.8796200000000001,-0.8818600000000001,-0.88887,-0.8914200000000001,-0.8992600000000001,-0.90251,-0.91095,-0.92075,-0.92571,-0.9323100000000001,-0.9385399999999999,-0.94678,-0.95301,-0.95862,-0.9622799999999999,-0.97035,-0.98846,-1.0211,-1.0681,-1.1408,-1.2403,-1.3247
2,-1.2237,-1.2241,-1.2236,-1.2237,-1.2253,-1.2243,-1.2257,-1.2265,-1.2249,-1.2254,-1.228,-1.2277,-1.2277,-1.2285,-1.2287,-1.2284,-1.2284,-1.2283,-1.2281,-1.2271,-1.2281,-1.2299,-1.2227,-1.1898,-1.1162,-0.9901399999999999,-0.7979,-0.5493,-0.28729,-0.0098403,0.23471999999999998,0.45321999999999996,0.6327699999999999,0.73625,0.83199,0.87649,0.9137799999999999,0.91045,0.90779,0.9033100000000001,0.9082600000000001,0.91186,0.91685,0.9202299999999999,0.9176700000000001,0.9249700000000001,0.9307,0.92594,0.9398200000000001,0.93694,0.92815,0.93425,0.9370700000000001,0.93876,0.94139,0.9413,0.9283899999999999,0.9295899999999999,0.93542,0.9368,0.93491,0.93571,0.9325399999999999,0.92465,0.92455,0.9266700000000001,0.92137,0.92215,0.9243899999999999,0.9317700000000001,0.9288799999999999,0.92251,0.9266200000000001,0.92732,0.92204,0.9185,0.9185,0.91504,0.9134200000000001,0.91209,0.91145,0.91712,0.9164200000000001,0.91425,0.9175200000000001,0.9189299999999999,0.9217200000000001,0.92071,0.9211600000000001,0.91696,0.91874,0.91917,0.92038,0.9172399999999999,0.91646,0.91965,0.9068299999999999,0.91056,0.90866,0.90276,0.9013899999999999,0.90246,0.8803700000000001,0.8618399999999999,0.8486799999999999,0.8347,0.7972,0.7621100000000001,0.6954199999999999,0.62378,0.5181399999999999,0.39788,0.26809,0.1024,-0.06488300000000001,-0.24178000000000002,-0.41318,-0.57512,-0.72997,-0.8641,-0.98293,-1.064,-1.1442,-1.207,-1.2462,-1.2666,-1.278,-1.2765,-1.2673,-1.2573,-1.2423,-1.235,-1.2266,-1.2182,-1.2152,-1.2076,-1.2047,-1.2022,-1.2021,-1.2019,-1.2002,-1.2007,-1.2024,-1.1996,-1.1984,-1.199,-1.2002,-1.1987,-1.1989,-1.1975
1,-1.1896,-1.1919,-1.1847,-1.1769,-1.1806,-1.1813,-1.1803,-1.1746,-1.1788,-1.1748,-1.1714,-1.1676,-1.1773,-1.1832,-1.1782,-1.1724,-1.156,-1.1149,-1.0327,-0.9475,-0.8584299999999999,-0.80698,-0.77217,-0.77877,-0.76903,-0.76367,-0.76964,-0.77168,-0.73497,-0.7266600000000001,-0.71606,-0.71435,-0.7074699999999999,-0.65263,-0.65422,-0.60742,-0.5194,-0.34707,-0.1727,0.059144,0.24402,0.42202,0.57494,0.72233,0.8290200000000001,0.91561,1.0005,1.072,1.122,1.1708,1.1973,1.2123,1.2146,1.2033,1.2048,1.2058,1.2088,1.2049,1.2028,1.2118,1.2154,1.2085,1.207,1.2039,1.1972,1.2157,1.2079,1.2037,1.1985,1.2234,1.2089,1.2161,1.209,1.2061,1.2043,1.2204,1.2204,1.2264,1.2309999999999999,1.2324,1.2288,1.2274,1.2005,1.2053,1.2213,1.2356,1.2165,1.2086,1.2221,1.2166,1.2229,1.2234,1.2102,1.2306,1.2135,1.2038,1.1591,1.1347,1.0818,0.9939600000000001,0.90628,0.79009,0.6481399999999999,0.4987,0.32764,0.16933,0.008475100000000001,-0.16933,-0.31414000000000003,-0.43326000000000003,-0.54063,-0.64153,-0.6849,-0.74251,-0.78076,-0.82595,-0.83416,-0.848,-0.84464,-0.85244,-0.8612299999999999,-0.8532,-0.86672,-0.8699600000000001,-0.8710600000000001,-0.87544,-0.8799799999999999,-0.8786700000000001,-0.89366,-0.9088299999999999,-0.91506,-0.9270799999999999,-0.9207299999999999,-0.91464,-0.91248,-0.9012899999999999,-0.8969799999999999,-0.8995299999999999,-0.8877,-0.8877799999999999,-0.88999,-0.8955299999999999,-0.9033899999999999,-0.9140299999999999,-0.91756,-0.92264,-0.93219,-0.9497200000000001,-0.99154,-1.0513
2,-1.148,-1.1514,-1.1441,-1.1452,-1.1420000000000001,-1.1288,-1.1378,-1.1298,-1.1474,-1.1412,-1.147,-1.1498,-1.1438,-1.1495,-1.1477,-1.1431,-1.1461,-1.1478,-1.1429,-1.1492,-1.1521,-1.1601,-1.1626,-1.1622,-1.1661,-1.1001,-1.0128,-0.89195,-0.74797,-0.44619,-0.18425999999999998,0.051925,0.33537,0.5603199999999999,0.69017,0.79051,0.86831,0.92774,0.8984700000000001,0.94325,1.0425,1.035,1.1295,0.9338700000000001,0.9486700000000001,0.8964,0.95135,0.9034399999999999,0.9336,0.9235200000000001,0.94737,0.9484899999999999,0.9563299999999999,0.92224,0.9731799999999999,0.9937299999999999,0.9900700000000001,0.9537700000000001,0.96578,0.95147,0.98959,0.99145,0.9767,0.9930399999999999,0.9671299999999999,0.9924799999999999,0.9508,0.9863,0.96324,1.0321,0.91704,0.9763,0.9430200000000001,0.93122,0.9375600000000001,0.94888,0.94888,0.94904,0.96199,0.97282,0.9366700000000001,0.97191,0.9600299999999999,0.96298,0.88525,0.9195,0.9196700000000001,0.93879,0.9129,0.9534299999999999,0.9506700000000001,0.9136799999999999,0.8861399999999999,0.95615,0.99977,0.99702,0.9936299999999999,0.9373,0.92717,0.91965,0.9171799999999999,0.85777,0.95965,0.86718,0.78213,0.77571,0.64852,0.6139600000000001,0.56324,0.46837,0.4275,0.48291000000000006,0.33316999999999997,0.23073000000000002,-0.013221,-0.26122,-0.46825,-0.7386699999999999,-0.9266,-1.0963,-1.2355,-1.2721,-1.2962,-1.3077,-1.287,-1.2542,-1.2162,-1.1916,-1.1636,-1.1548,-1.1663,-1.1683,-1.1675,-1.1723,-1.1723,-1.1802,-1.1729,-1.1694,-1.1751,-1.183,-1.19,-1.1972,-1.1911,-1.178,-1.1789,-1.1773,-1.1765,-1.1687,-1.162,-1.1675
1,-0.71406,-0.71635,-0.71743,-0.71949,-0.72127,-0.7216899999999999,-0.72255,-0.723,-0.7230300000000001,-0.72268,-0.72333,-0.7237399999999999,-0.72472,-0.7248100000000001,-0.7259899999999999,-0.72553,-0.72606,-0.72655,-0.7279399999999999,-0.72893,-0.73018,-0.72872,-0.72923,-0.7285699999999999,-0.7300800000000001,-0.72877,-0.72802,-0.72896,-0.72927,-0.72944,-0.72947,-0.72996,-0.7297,-0.72347,-0.70594,-0.67435,-0.63335,-0.62347,-0.6294,-0.64622,-0.6655800000000001,-0.67723,-0.67783,-0.67165,-0.66018,-0.65735,-0.6322399999999999,-0.57616,-0.4742,-0.30359,-0.09764500000000001,0.15579,0.42433999999999994,0.69043,0.9449700000000001,1.1748,1.3836,1.5557,1.6793,1.7194,1.7271,1.7353,1.7296,1.7287,1.7409999999999999,1.7391,1.7399,1.7496,1.7457,1.7529,1.7559,1.7485,1.7474,1.7472,1.7496,1.7441,1.7441,1.7395,1.7388,1.7305,1.7335,1.7315,1.726,1.7277,1.7004,1.6763,1.6292,1.5516,1.4575,1.3345,1.1831,1.0253,0.86245,0.70527,0.55955,0.41061000000000003,0.26437,0.10572999999999999,-0.041868999999999996,-0.16971,-0.29181,-0.40748,-0.49571000000000004,-0.5512699999999999,-0.59805,-0.6218899999999999,-0.62837,-0.6349199999999999,-0.63264,-0.6293300000000001,-0.62541,-0.62239,-0.61727,-0.61603,-0.6049899999999999,-0.5738,-0.5333600000000001,-0.48746000000000006,-0.43032,-0.37755,-0.34772,-0.34706,-0.37115,-0.43459,-0.51347,-0.59864,-0.67351,-0.72819,-0.76174,-0.77313,-0.77581,-0.77081,-0.76374,-0.75579,-0.75212,-0.74443,-0.73651,-0.7272,-0.71563,-0.70616,-0.70403,-0.70363,-0.70473,-0.70663,-0.70945,-0.71025,-0.71082,-0.71214,-0.71355,-0.71406
1,-0.77275,-0.7723800000000001,-0.76581,-0.75876,-0.75303,-0.75121,-0.74964,-0.74746,-0.74452,-0.74485,-0.7403,-0.73721,-0.73643,-0.7361300000000001,-0.73373,-0.7348899999999999,-0.73897,-0.74203,-0.7440899999999999,-0.7540600000000001,-0.75539,-0.75465,-0.75872,-0.7603800000000001,-0.76344,-0.7622800000000001,-0.76451,-0.76717,-0.76951,-0.77091,-0.76827,-0.7669199999999999,-0.75963,-0.7311,-0.68166,-0.6298699999999999,-0.60969,-0.58321,-0.58759,-0.62842,-0.64995,-0.65766,-0.64452,-0.6106600000000001,-0.5929,-0.5694,-0.52284,-0.45991000000000004,-0.27114,-0.11085,0.10368,0.33386,0.5253800000000001,0.6995600000000001,0.87466,1.0555,1.2538,1.4424,1.5956,1.6751,1.7071,1.7156,1.7166,1.7219,1.7266,1.7306,1.7397,1.7327,1.7304,1.7309,1.7291,1.7322,1.7351,1.7323,1.7328,1.7321,1.7321,1.7269,1.73,1.7293,1.7211,1.7057,1.6888,1.6614,1.6255,1.5737,1.5119,1.4447,1.3821,1.3055,1.2296,1.1373,1.0394,0.93889,0.8009,0.6792100000000001,0.52784,0.38915,0.25683,0.11374000000000001,-0.040208,-0.17226,-0.26835,-0.38497,-0.49082,-0.56306,-0.6218100000000001,-0.6520100000000001,-0.67632,-0.69784,-0.70325,-0.71226,-0.7091,-0.70919,-0.70624,-0.69999,-0.6976100000000001,-0.69947,-0.69177,-0.67596,-0.66846,-0.66078,-0.6613399999999999,-0.66371,-0.66895,-0.6764100000000001,-0.69014,-0.70843,-0.7270300000000001,-0.74745,-0.75513,-0.7602300000000001,-0.76483,-0.75526,-0.7480100000000001,-0.73556,-0.72335,-0.71325,-0.7106600000000001,-0.69967,-0.68971,-0.68362,-0.67006,-0.6651100000000001,-0.65613,-0.65487,-0.65147,-0.64962,-0.65373,-0.64967
2,-1.1308,-1.1299,-1.122,-1.1283,-1.1267,-1.1211,-1.1285,-1.1216,-1.1253,-1.128,-1.1204,-1.1312,-1.1333,-1.1271,-1.1222,-1.1204,-1.1301,-1.1255,-1.1269,-1.1151,-1.1252,-1.1151,-1.1152,-1.1211,-1.05,-0.99092,-0.89465,-0.75416,-0.5229199999999999,-0.2759,0.0051372,0.25861,0.47103,0.6613399999999999,0.785,0.9187700000000001,0.9379799999999999,0.9524299999999999,0.9732200000000001,1.0394,1.0695,1.099,1.1004,1.1003,1.0073,0.9879700000000001,0.99774,1.0171,1.0231,1.0358,0.98606,0.9640299999999999,0.9506399999999999,0.93573,0.94199,0.97821,0.98225,0.9710200000000001,0.97098,0.9117700000000001,0.96924,0.9452799999999999,0.9737,0.9998799999999999,0.9968799999999999,0.96662,0.9617700000000001,0.9407200000000001,0.9706299999999999,0.95076,0.9870399999999999,0.95445,0.95383,0.96135,0.9486899999999999,0.9383600000000001,0.9383600000000001,0.93534,0.9263399999999999,0.94885,0.92714,0.93622,0.90497,0.9354899999999999,0.94895,0.9602200000000001,0.9895299999999999,1.0041,0.97398,0.9751200000000001,0.95378,0.95644,0.93155,0.9329,1.0509,0.9778100000000001,0.9346899999999999,0.8667799999999999,1.0193,0.9388700000000001,0.94784,0.88464,0.8322299999999999,0.8569399999999999,0.85221,0.7792,0.71953,0.68153,0.47585,0.29051,0.13326,-0.078956,-0.2896,-0.46657,-0.65662,-0.78383,-0.9160299999999999,-1.021,-1.1216,-1.1957,-1.2394,-1.2492,-1.2624,-1.2638,-1.2577,-1.2403,-1.1927,-1.1724,-1.1419,-1.1426,-1.1329,-1.1272,-1.1354,-1.1284,-1.1369,-1.1255,-1.1137,-1.1167,-1.1296,-1.125,-1.1344,-1.138,-1.1355,-1.1448,-1.1272,-1.1274,-1.1364,-1.1291,-1.1225,-1.136
1,-0.74263,-0.7437699999999999,-0.7439,-0.74487,-0.74475,-0.74536,-0.74708,-0.74661,-0.74671,-0.7458600000000001,-0.7467,-0.74512,-0.74461,-0.74427,-0.74238,-0.74193,-0.73973,-0.73956,-0.73634,-0.7340300000000001,-0.72947,-0.72548,-0.72456,-0.72227,-0.72106,-0.72034,-0.72013,-0.7196,-0.7186100000000001,-0.71885,-0.71314,-0.6906,-0.65693,-0.61332,-0.58219,-0.56295,-0.5676800000000001,-0.57702,-0.58282,-0.58281,-0.56822,-0.5398,-0.51068,-0.489,-0.4594,-0.42296999999999996,-0.3646,-0.2648,-0.13129000000000002,0.03383,0.22004,0.38529,0.55225,0.72495,0.91259,1.1307,1.3306,1.5277,1.6856,1.7719999999999998,1.7897,1.8245,1.8374,1.8375,1.8394,1.8384,1.8368,1.8348,1.8334,1.8329,1.8321,1.8331,1.8332,1.8315,1.8364,1.8357,1.8357,1.8344,1.8346,1.8325,1.8221,1.8063,1.7795,1.7273,1.6414,1.537,1.4179,1.2839,1.1426,0.9790200000000001,0.8290200000000001,0.67896,0.5461199999999999,0.40458,0.2633,0.1231,-0.006631000000000001,-0.12924000000000002,-0.23376,-0.32201,-0.39721999999999996,-0.44421000000000005,-0.48158999999999996,-0.4976,-0.50356,-0.51271,-0.52383,-0.53063,-0.53079,-0.5292899999999999,-0.52518,-0.51698,-0.51436,-0.51378,-0.5391100000000001,-0.5799300000000001,-0.63554,-0.68726,-0.72411,-0.74125,-0.74883,-0.74902,-0.74528,-0.7420100000000001,-0.7401,-0.7390899999999999,-0.73851,-0.73622,-0.72963,-0.72524,-0.7175199999999999,-0.7155100000000001,-0.71299,-0.71002,-0.70749,-0.70622,-0.7046,-0.70208,-0.70202,-0.70123,-0.69931,-0.6969,-0.69406,-0.68915,-0.68753,-0.6828,-0.68215,-0.68103,-0.67052,-0.6574
1,-1.0469,-1.0495,-1.0452,-1.0424,-1.0418,-1.0421,-1.0424,-1.0418,-1.0415,-1.0412,-1.0399,-1.0408,-1.0418,-1.0404,-1.0318,-1.0037,-0.95315,-0.87403,-0.8104899999999999,-0.72702,-0.67233,-0.64145,-0.63132,-0.62749,-0.6268,-0.61964,-0.61234,-0.59978,-0.58863,-0.58049,-0.57572,-0.55104,-0.5069899999999999,-0.44788,-0.32379,-0.1627,0.001224,0.20571,0.39853,0.54613,0.6955100000000001,0.81742,0.94757,1.0549,1.1448,1.2215,1.2892,1.3483,1.3549,1.3741,1.3839,1.3863,1.3901,1.3877,1.3845,1.3813,1.3847,1.3843,1.3730000000000002,1.3783,1.3833,1.3767,1.3833,1.3839,1.3825,1.379,1.3853,1.3844,1.3896,1.3849,1.3734,1.3788,1.3795,1.3779,1.3783,1.3844,1.3844,1.3884,1.3840000000000001,1.3825,1.383,1.3799,1.3717,1.3644,1.3491,1.3244,1.2909,1.215,1.126,1.0196,0.88892,0.75835,0.59864,0.44661000000000006,0.28945,0.13673,-0.024166999999999998,-0.1599,-0.26197,-0.37392,-0.46203,-0.51136,-0.56588,-0.5895699999999999,-0.60585,-0.63322,-0.6400100000000001,-0.63326,-0.62676,-0.61915,-0.61451,-0.61925,-0.62929,-0.64117,-0.64741,-0.65265,-0.65762,-0.65693,-0.6592399999999999,-0.65728,-0.66355,-0.6802600000000001,-0.70928,-0.74375,-0.79852,-0.8592299999999999,-0.9285399999999999,-0.97251,-1.0001,-1.0066,-1.0062,-1.0012,-0.98918,-0.98645,-0.9878899999999999,-0.98729,-0.98575,-0.9823799999999999,-0.9764299999999999,-0.97478,-0.96911,-0.9698700000000001,-0.96867,-0.9677899999999999,-0.9686899999999999,-0.9678899999999999,-0.96586,-0.9669200000000001,-0.96331,-0.96434
2,-0.6823100000000001,-0.8412299999999999,-0.96696,-1.0861,-1.1717,-1.2395,-1.2666,-1.2767,-1.2773,-1.2718,-1.2549,-1.2383,-1.2237,-1.2143,-1.2058,-1.2022,-1.2017,-1.2026,-1.2033,-1.2026,-1.2034,-1.2028,-1.2042,-1.2049,-1.2036,-1.204,-1.2042,-1.2039,-1.1939,-1.1469,-1.0485,-0.90025,-0.6932,-0.44883999999999996,-0.19175999999999999,0.062249,0.29224,0.50393,0.65851,0.76078,0.84364,0.8903,0.9297,0.9622200000000001,0.96706,0.9774700000000001,0.977,0.98072,0.9846799999999999,0.98654,0.9879899999999999,0.99,0.99397,0.9965700000000001,0.99224,0.99479,0.9955200000000001,0.9913700000000001,0.9953200000000001,0.99131,0.9889100000000001,0.9904299999999999,0.9907100000000001,0.9899,0.9909600000000001,0.9918299999999999,0.9949899999999999,0.99335,0.99377,0.9863,0.9895,0.99205,0.99536,0.9964,0.99161,0.99567,0.99567,0.99224,0.9911,0.9919399999999999,0.98859,0.9873700000000001,0.9875299999999999,0.99054,0.9880200000000001,0.98805,0.9888600000000001,0.985,0.99065,0.9879,0.9897299999999999,0.98982,0.9911700000000001,0.98969,0.9923,0.9901200000000001,0.99195,0.9979100000000001,1.0066,0.9982,0.9995700000000001,0.9933700000000001,0.976,0.9724700000000001,0.96083,0.91428,0.88164,0.8297200000000001,0.77303,0.7073,0.6201800000000001,0.5230600000000001,0.41863999999999996,0.29573,0.15539,0.0015180999999999999,-0.15037,-0.31164000000000003,-0.46106,-0.61098,-0.7389600000000001,-0.85646,-0.94601,-1.0262,-1.0861,-1.1204,-1.1361,-1.1358,-1.1347,-1.1267,-1.1235,-1.1185,-1.1126,-1.109,-1.1059999999999999,-1.1041,-1.1056,-1.1042,-1.1014,-1.1003,-1.1006,-1.097,-1.0981,-1.0966,-1.0963,-1.0974,-1.0979,-1.1,-1.0985,-1.0985
1,-1.1042,-1.1044,-1.1028,-1.1027,-1.1053,-1.1043,-1.1058,-1.1091,-1.1092,-1.1087,-1.1099,-1.1113,-1.1121,-1.114,-1.1047,-1.0804,-1.0327,-0.9492299999999999,-0.86044,-0.78817,-0.73505,-0.70555,-0.69986,-0.696,-0.6978800000000001,-0.6957399999999999,-0.6932,-0.68834,-0.67591,-0.66751,-0.6550699999999999,-0.64473,-0.59649,-0.478,-0.32256999999999997,-0.16246,0.038723,0.22891,0.39245,0.5404800000000001,0.67261,0.78018,0.8723,0.97745,1.0490000000000002,1.1212,1.1522,1.1869,1.2328,1.2279,1.2359,1.2277,1.2465,1.2331,1.2308,1.2186,1.2202,1.2029,1.2187,1.2095,1.2044,1.2112,1.1986,1.2132,1.2327,1.2232,1.2224,1.2199,1.2274,1.2189,1.228,1.2236,1.2316,1.2278,1.2345,1.2315,1.2315,1.2338,1.2207,1.2269,1.2277,1.2317,1.235,1.2315,1.23,1.2369,1.229,1.2423,1.2368,1.2371,1.2422,1.2303,1.2133,1.1854,1.1295,1.0409,0.95289,0.8395100000000001,0.71314,0.5613600000000001,0.40193,0.24765,0.09661,-0.045636,-0.20643000000000003,-0.33614,-0.44321000000000005,-0.5542,-0.62774,-0.69228,-0.74316,-0.75589,-0.78313,-0.7955,-0.79699,-0.7913600000000001,-0.79376,-0.79104,-0.77666,-0.78356,-0.7893100000000001,-0.7925,-0.79532,-0.79375,-0.80425,-0.8113,-0.8214100000000001,-0.83167,-0.8341799999999999,-0.8549,-0.8826700000000001,-0.92495,-0.9754,-1.0197,-1.0542,-1.0893,-1.1162,-1.123,-1.1245,-1.1174,-1.1061,-1.0976,-1.0977,-1.0957,-1.0964,-1.0949,-1.094,-1.0947,-1.093,-1.0949
1,-0.74395,-0.7439399999999999,-0.74876,-0.75195,-0.75571,-0.75395,-0.7538199999999999,-0.7544,-0.75625,-0.75583,-0.7539,-0.75408,-0.75044,-0.74952,-0.7457,-0.74112,-0.73574,-0.73345,-0.7308399999999999,-0.72411,-0.72219,-0.7196600000000001,-0.71622,-0.7138899999999999,-0.7142,-0.71382,-0.71233,-0.71302,-0.7125600000000001,-0.71396,-0.7134699999999999,-0.71315,-0.7137100000000001,-0.7095600000000001,-0.68467,-0.63826,-0.60382,-0.58873,-0.58535,-0.5857600000000001,-0.59136,-0.60201,-0.6049,-0.58614,-0.56706,-0.5474899999999999,-0.5273100000000001,-0.51571,-0.48586,-0.4235,-0.35293,-0.2439,0.017147,0.13229000000000002,0.44448999999999994,0.50848,0.74757,0.9575899999999999,1.1638,1.3694,1.5406,1.6738,1.7276,1.7503,1.7655,1.7766,1.788,1.7942,1.7974,1.7977,1.8031,1.8067,1.805,1.8074,1.8111,1.8118,1.8118,1.8145,1.8146,1.8146,1.8164,1.815,1.8097,1.8113,1.7996,1.7809,1.7535,1.7017,1.624,1.5072,1.3764,1.2343,1.0716,0.90709,0.74219,0.58565,0.43735,0.29456,0.14904,0.019079,-0.10883,-0.21566,-0.29793000000000003,-0.35375999999999996,-0.3915,-0.40871999999999997,-0.44063,-0.4534,-0.47653,-0.4873,-0.4928,-0.50217,-0.5079899999999999,-0.50174,-0.49751000000000006,-0.48844,-0.48122,-0.47823000000000004,-0.48393,-0.50264,-0.53723,-0.57536,-0.6208,-0.6704,-0.72365,-0.7571,-0.77896,-0.78256,-0.78282,-0.7781,-0.77357,-0.77269,-0.76944,-0.76169,-0.7542300000000001,-0.74434,-0.7286,-0.71933,-0.71618,-0.71796,-0.72102,-0.72928,-0.7359,-0.7398,-0.74175,-0.74193,-0.7419100000000001,-0.74244,-0.74233,-0.74316
1,-1.125,-1.1313,-1.1383,-1.1467,-1.1386,-1.1414,-1.1437,-1.1444,-1.1549,-1.1464,-1.1497,-1.1457,-1.1419,-1.1384,-1.1385,-1.133,-1.1207,-1.1186,-1.1006,-1.0619,-0.98877,-0.89805,-0.79587,-0.73432,-0.69687,-0.66992,-0.66911,-0.68194,-0.68481,-0.69305,-0.68082,-0.66386,-0.63402,-0.59582,-0.58019,-0.52662,-0.43223999999999996,-0.27026999999999995,-0.10319,0.078542,0.28436,0.4541,0.5741,0.70715,0.81823,0.9250799999999999,0.97562,1.0226,1.097,1.1103,1.148,1.1576,1.1498,1.1595,1.1517,1.1575,1.1495,1.1533,1.1473,1.153,1.1671,1.1543,1.1576,1.172,1.1679,1.1784,1.1838,1.1829,1.1717,1.1925,1.1922,1.1849,1.187,1.1746,1.1832,1.1736,1.1736,1.1868,1.1821,1.1954,1.1749,1.1869,1.1903,1.1973,1.1923,1.1861,1.188,1.198,1.1963,1.2023,1.2045,1.2106,1.2157,1.1977,1.2057,1.2018,1.1955,1.1658,1.1373,1.0732,1.0091,0.90823,0.76784,0.6441,0.47293999999999997,0.33946,0.21281999999999998,0.049185,-0.082446,-0.23103,-0.36689,-0.46412,-0.5303899999999999,-0.5896100000000001,-0.64786,-0.68991,-0.72026,-0.7390000000000001,-0.7511899999999999,-0.76259,-0.76566,-0.7854899999999999,-0.78369,-0.78892,-0.7912600000000001,-0.80189,-0.8055,-0.81489,-0.81589,-0.8186899999999999,-0.8351299999999999,-0.84464,-0.8543200000000001,-0.87302,-0.88551,-0.9200299999999999,-0.9482,-0.99664,-1.0539,-1.137,-1.2056,-1.2812,-1.3234,-1.3458,-1.3445,-1.3011,-1.2659,-1.2127,-1.2062,-1.2184
2,-0.6269600000000001,-0.62592,-0.62754,-0.62633,-0.6240899999999999,-0.62471,-0.6250100000000001,-0.6241800000000001,-0.62402,-0.62203,-0.62297,-0.61968,-0.61946,-0.6181399999999999,-0.6177,-0.61779,-0.61819,-0.6181800000000001,-0.61954,-0.61641,-0.61666,-0.61665,-0.61549,-0.61249,-0.60722,-0.60353,-0.59813,-0.59191,-0.59275,-0.5907399999999999,-0.58918,-0.5886,-0.58718,-0.58709,-0.5876100000000001,-0.58635,-0.58648,-0.58728,-0.58709,-0.5855899999999999,-0.5875100000000001,-0.5878899999999999,-0.5867899999999999,-0.58627,-0.58812,-0.5846,-0.57484,-0.5391,-0.46781999999999996,-0.37806999999999996,-0.28252,-0.14731,-0.025654000000000003,0.089327,0.39871999999999996,0.5755899999999999,0.70562,0.8192799999999999,0.95915,1.1601,1.3723,1.6091,1.8143,1.9524,2.0054,2.0311,2.0411,2.0585,2.0586,2.0664,2.0713,2.072,2.0707,2.0647,2.0631,2.0657,2.0657,2.0667,2.0602,2.0536,2.0355,1.9946,1.9433,1.8443,1.6998,1.5405,1.3768,1.2161,1.0655,0.94005,0.81199,0.6837,0.5945600000000001,0.47897,0.19162,0.019646,-0.14656,-0.24995,-0.37999,-0.50774,-0.6075699999999999,-0.6833199999999999,-0.72713,-0.74353,-0.74283,-0.73143,-0.70672,-0.68391,-0.6661100000000001,-0.65288,-0.64331,-0.6371,-0.6322800000000001,-0.62815,-0.62084,-0.61483,-0.60712,-0.60026,-0.59211,-0.58739,-0.58507,-0.58448,-0.58348,-0.58532,-0.58982,-0.59,-0.59142,-0.5916899999999999,-0.59136,-0.59348,-0.5945,-0.59348,-0.59555,-0.5977100000000001,-0.60067,-0.60459,-0.60645,-0.61095,-0.61619,-0.6168600000000001,-0.62002,-0.6215,-0.62153,-0.6240899999999999,-0.6239899999999999,-0.62435,-0.62438,-0.61947,-0.61206,-0.60642
1,-0.8301299999999999,-0.82596,-0.8255,-0.8241,-0.8197700000000001,-0.81821,-0.8136,-0.8066300000000001,-0.80788,-0.8059999999999999,-0.80256,-0.8015899999999999,-0.80262,-0.79962,-0.79976,-0.79785,-0.7978,-0.7972199999999999,-0.79488,-0.7951,-0.79605,-0.7952,-0.79468,-0.79494,-0.79277,-0.79137,-0.7932100000000001,-0.79343,-0.79203,-0.7923600000000001,-0.7912399999999999,-0.79164,-0.79114,-0.79014,-0.7925300000000001,-0.78869,-0.78354,-0.7623,-0.72019,-0.66535,-0.62198,-0.59734,-0.58126,-0.59919,-0.61321,-0.62345,-0.61259,-0.5753,-0.53225,-0.5079199999999999,-0.48699,-0.45658999999999994,-0.42196000000000006,-0.36741,-0.28813,-0.19166,-0.06551900000000001,0.14779,0.40918000000000004,0.51668,0.70445,0.90728,1.1202,1.3142,1.504,1.6707,1.7728,1.8159,1.8373,1.8479,1.8603,1.8664,1.8653,1.8657,1.8684,1.8696,1.8696,1.8694,1.8656,1.8655,1.8685,1.8661,1.8732,1.8731,1.8699,1.8585,1.8561,1.8522,1.8369,1.8068,1.7502,1.6635,1.5353,1.3939,1.2188,1.0346,0.82729,0.6370899999999999,0.45145,0.31317,0.14805,0.0018261,-0.11742000000000001,-0.21494000000000002,-0.28421,-0.34714,-0.39794,-0.41317,-0.41241000000000005,-0.40575,-0.39304,-0.38727,-0.38322,-0.37653000000000003,-0.3701,-0.36661,-0.36151,-0.36258,-0.3726,-0.3921,-0.40465999999999996,-0.41189,-0.41318999999999995,-0.42305,-0.43433999999999995,-0.43922,-0.44976000000000005,-0.45285,-0.45406,-0.46233,-0.48700000000000004,-0.52404,-0.5645899999999999,-0.60318,-0.64307,-0.67404,-0.68685,-0.69275,-0.69713,-0.69843,-0.6957399999999999,-0.69627,-0.69402,-0.69299,-0.69098,-0.68626,-0.68406,-0.67866,-0.67781,-0.67616
2,-0.6421899999999999,-0.64657,-0.65166,-0.6532899999999999,-0.65668,-0.65568,-0.65746,-0.65809,-0.65813,-0.6591,-0.6584300000000001,-0.65798,-0.65503,-0.65746,-0.65614,-0.65486,-0.6529699999999999,-0.65454,-0.65345,-0.65422,-0.65383,-0.65354,-0.65278,-0.6530100000000001,-0.6551899999999999,-0.65166,-0.64983,-0.64854,-0.64683,-0.64531,-0.6451,-0.64161,-0.63941,-0.64093,-0.6402899999999999,-0.64131,-0.63883,-0.64042,-0.6411399999999999,-0.64199,-0.64073,-0.6412100000000001,-0.64158,-0.63439,-0.61025,-0.5506800000000001,-0.43733,-0.3,-0.18592,-0.063935,0.072359,0.29551,0.64213,0.81117,0.9262299999999999,1.0584,1.2131,1.3969999999999998,1.5895,1.7668,1.9039,1.9855,2.0045,2.0241,2.0381,2.0625,2.0639,2.0803,2.0773,2.0742,2.074,2.0784,2.0771,2.0802,2.0769,2.0607,2.0607,2.0398,1.9879,1.9155,1.7945,1.6438,1.4672,1.3077,1.149,1.0199,0.90115,0.79108,0.68358,0.57412,0.45716,0.34091,0.21835,0.077453,-0.057471,-0.16706,-0.26436,-0.34354,-0.43508,-0.52879,-0.61185,-0.67018,-0.7104,-0.72533,-0.72615,-0.71838,-0.70025,-0.68203,-0.6654399999999999,-0.6441600000000001,-0.62883,-0.62233,-0.61783,-0.62015,-0.61864,-0.61897,-0.61741,-0.61178,-0.60768,-0.6037,-0.60402,-0.60207,-0.59954,-0.59991,-0.6010300000000001,-0.59836,-0.5997,-0.59611,-0.5918,-0.58915,-0.58649,-0.58487,-0.58227,-0.58136,-0.57997,-0.57781,-0.57512,-0.57271,-0.57287,-0.57157,-0.56996,-0.56872,-0.5684899999999999,-0.5665399999999999,-0.56606,-0.56603,-0.5644,-0.56343,-0.5636399999999999,-0.5604100000000001
2,-0.6249600000000001,-0.6178600000000001,-0.61278,-0.6064,-0.59967,-0.59625,-0.5957600000000001,-0.5946100000000001,-0.59418,-0.5901,-0.5925600000000001,-0.59639,-0.59653,-0.59849,-0.60561,-0.60352,-0.6042,-0.60607,-0.60656,-0.6056199999999999,-0.60654,-0.60654,-0.6075,-0.61306,-0.61826,-0.62471,-0.63564,-0.6499699999999999,-0.65351,-0.6600699999999999,-0.66508,-0.67088,-0.67261,-0.67173,-0.68016,-0.67966,-0.68209,-0.68078,-0.68125,-0.68209,-0.67989,-0.67928,-0.67538,-0.66523,-0.64349,-0.5702,-0.4539,-0.26568,-0.0061143000000000005,0.28419,0.5856899999999999,0.82185,1.0093,1.1676,1.3142,1.4765,1.6425,1.8187,1.9828,2.1015,2.2079,2.2709,2.2969999999999997,2.3121,2.3157,2.3166,2.3197,2.3169,2.3084,2.3097,2.3094,2.2792,2.1938,2.0797,1.923,1.7371,1.7371,1.538,1.3456,1.1778,1.0413,0.93575,0.84872,0.73045,0.60974,0.4925,0.36925,0.25711999999999996,0.12983,0.025344,-0.075602,-0.14649,-0.24224,-0.30717,-0.36216,-0.42108,-0.46426999999999996,-0.5029600000000001,-0.52675,-0.54496,-0.5523100000000001,-0.55385,-0.5549,-0.55416,-0.5532199999999999,-0.55027,-0.54672,-0.54973,-0.55424,-0.56762,-0.57898,-0.5887399999999999,-0.5948399999999999,-0.6009899999999999,-0.6063,-0.6103,-0.6051300000000001,-0.60516,-0.5999899999999999,-0.59785,-0.5935699999999999,-0.59011,-0.57828,-0.57663,-0.5662,-0.5598,-0.55384,-0.55199,-0.54885,-0.54545,-0.5432600000000001,-0.54104,-0.53492,-0.53147,-0.53018,-0.5230199999999999,-0.5244300000000001,-0.52072,-0.51808,-0.51717,-0.51335,-0.5162399999999999,-0.51088,-0.5120600000000001,-0.5149199999999999,-0.51217,-0.51336,-0.51508,-0.51517,-0.51973
2,-0.66084,-0.66046,-0.6592100000000001,-0.65945,-0.65737,-0.6559699999999999,-0.65503,-0.6550699999999999,-0.65465,-0.65268,-0.6522,-0.65274,-0.6513100000000001,-0.6511899999999999,-0.65072,-0.64845,-0.6480199999999999,-0.64947,-0.64904,-0.6495,-0.6493800000000001,-0.64741,-0.64476,-0.64318,-0.64177,-0.64127,-0.63959,-0.63773,-0.6350899999999999,-0.63068,-0.6291899999999999,-0.62461,-0.62143,-0.62195,-0.61973,-0.61705,-0.61578,-0.61635,-0.61549,-0.6152,-0.6152,-0.61305,-0.6118600000000001,-0.6015,-0.56355,-0.49341,-0.41181,-0.2528,-0.062601,-2.0563,0.23818000000000003,-0.70148,0.53895,0.65335,0.72164,0.8117,0.99177,1.2085,1.4281,1.6137,1.7417,1.7947,1.8404,1.8602,1.8558,1.8685,1.8836,1.8885,1.8893,1.8908,1.8918,1.8917,1.89,1.8895,1.9027,1.893,1.893,1.8912,1.8822,1.8888,1.8848,1.8502,1.8261,1.7651,1.6747,1.5467,1.4043,1.2591,1.1174,0.97565,0.8678299999999999,0.7641899999999999,0.61042,0.54281,0.46983,0.24311,0.05511799999999999,-0.12087,-0.29283000000000003,-0.40913,-0.51002,-0.5906399999999999,-0.6632899999999999,-0.70795,-0.73568,-0.7487699999999999,-0.75144,-0.74435,-0.7367600000000001,-0.73234,-0.7239800000000001,-0.7191,-0.70744,-0.69492,-0.68287,-0.6675399999999999,-0.65481,-0.64575,-0.6409699999999999,-0.63746,-0.63513,-0.62879,-0.62197,-0.61156,-0.60297,-0.5935199999999999,-0.58722,-0.5816399999999999,-0.57565,-0.5745,-0.5714100000000001,-0.56979,-0.5665600000000001,-0.56448,-0.56306,-0.56347,-0.56301,-0.56396,-0.5648,-0.5666399999999999,-0.5673,-0.56583,-0.56706,-0.56753,-0.56357,-0.56307,-0.56218,-0.5602699999999999,-0.56021,-0.55996
2,-2.0012,-1.9996,-1.9995,-1.9992,-1.999,-2.0003,-1.9984,-2.0007,-2.0,-2.0008,-2.0029,-2.0036,-2.0039,-2.0041,-2.0035,-2.0016,-2.0023,-2.0017,-2.0018,-2.001,-2.0014,-1.9996,-1.9962,-1.9778,-1.9065,-1.7975,-1.6263,-1.3923,-1.1229,-0.83,-0.53418,-0.24861,0.019313,0.22333000000000003,0.37643000000000004,0.4885,0.5613199999999999,0.59755,0.62583,0.62951,0.62848,0.62738,0.62059,0.59346,0.59708,0.5875100000000001,0.58333,0.58916,0.59295,0.58838,0.59115,0.5841,0.59101,0.5927899999999999,0.59258,0.58508,0.5838899999999999,0.58505,0.5827600000000001,0.57116,0.5762,0.5719,0.5703199999999999,0.56884,0.5756,0.57525,0.57109,0.57447,0.57877,0.57992,0.56762,0.56862,0.5786399999999999,0.57187,0.5736899999999999,0.57831,0.57831,0.57701,0.57238,0.57498,0.57973,0.57235,0.57357,0.5718,0.5759,0.5807399999999999,0.56802,0.57294,0.5796600000000001,0.5743,0.5732,0.58008,0.57225,0.57202,0.57601,0.58131,0.57447,0.57623,0.58158,0.58011,0.58077,0.58111,0.58222,0.58243,0.57824,0.58053,0.5807100000000001,0.58658,0.5835899999999999,0.57832,0.58341,0.5813,0.57994,0.57798,0.58341,0.57892,0.5842,0.58906,0.58732,0.59701,0.59125,0.5947,0.5961,0.59397,0.59578,0.6007399999999999,0.58834,0.58133,0.58639,0.57463,0.5815100000000001,0.57836,0.56247,0.54668,0.53178,0.515,0.48494,0.45576000000000005,0.42401000000000005,0.38299999999999995,0.3128,0.24222,0.14572000000000002,0.014012,-0.15178,-0.33343,-0.57743,-0.81272,-1.0711,-1.3234
2,-0.60183,-0.60023,-0.59905,-0.60147,-0.6016199999999999,-0.6048899999999999,-0.60327,-0.60333,-0.60341,-0.61005,-0.60664,-0.61117,-0.6086699999999999,-0.61112,-0.60998,-0.61346,-0.60863,-0.61129,-0.61195,-0.61224,-0.6126699999999999,-0.61265,-0.6157199999999999,-0.61437,-0.61683,-0.61917,-0.61856,-0.6189399999999999,-0.61962,-0.61964,-0.62271,-0.62374,-0.62392,-0.62154,-0.62357,-0.62547,-0.62425,-0.62326,-0.6248100000000001,-0.62511,-0.62616,-0.62651,-0.6258600000000001,-0.62611,-0.62588,-0.62341,-0.61726,-0.59297,-0.53314,-0.41686999999999996,-0.23039,-0.0061912,0.26928,0.49933999999999995,0.64832,0.79471,0.9111,1.0368,1.1869,1.3631,1.541,1.6959,1.8046,1.8838,1.8923,1.8942,1.8994,1.8956,1.8994,1.8940000000000001,1.8957,1.8945,1.8969,1.8915,1.8914,1.8917,1.8917,1.8880000000000001,1.8858,1.88,1.8732,1.8599,1.8343,1.8092,1.7616,1.6863,1.5703,1.4536,1.3239,1.1906,1.0618,0.94021,0.82265,0.6959,0.5523600000000001,0.38497,0.22384,0.051842,-0.10912000000000001,-0.25476,-0.38345999999999997,-0.48873,-0.589,-0.6954,-0.77437,-0.8207700000000001,-0.84659,-0.84421,-0.8310299999999999,-0.80997,-0.7823399999999999,-0.76599,-0.75031,-0.74123,-0.7320800000000001,-0.7239899999999999,-0.7127399999999999,-0.70168,-0.69207,-0.68712,-0.6756800000000001,-0.67289,-0.6681,-0.66406,-0.66259,-0.65763,-0.65366,-0.65189,-0.65465,-0.6498,-0.65262,-0.6572100000000001,-0.65725,-0.65909,-0.66292,-0.65891,-0.6600199999999999,-0.65779,-0.6533100000000001,-0.64775,-0.64591,-0.64452,-0.64184,-0.6371,-0.63805,-0.63864,-0.63979,-0.63855,-0.64031,-0.6422
2,-1.3822,-1.3863,-1.3853,-1.3823,-1.3828,-1.3848,-1.3815,-1.3827,-1.3847,-1.382,-1.3780000000000001,-1.3813,-1.3840000000000001,-1.3858,-1.3869,-1.3851,-1.3869,-1.3851,-1.3866,-1.3840000000000001,-1.3861,-1.3869,-1.3906,-1.3885,-1.3802,-1.3797,-1.3812,-1.3671,-1.3073,-1.1912,-1.0469,-0.8492,-0.61652,-0.38763000000000003,-0.14104,0.06804400000000001,0.26418,0.42362,0.5295,0.6071,0.6824899999999999,0.72906,0.77112,0.77767,0.79742,0.80834,0.80797,0.81418,0.8126899999999999,0.8312799999999999,0.82826,0.8212799999999999,0.8338200000000001,0.8292799999999999,0.8385299999999999,0.84045,0.8382299999999999,0.84045,0.8466799999999999,0.8418100000000001,0.83562,0.8273799999999999,0.8260799999999999,0.84152,0.8385600000000001,0.8367700000000001,0.83581,0.8415299999999999,0.83825,0.84462,0.82719,0.8293299999999999,0.83509,0.8176899999999999,0.8298,0.8319,0.8319,0.8245600000000001,0.8182,0.8229200000000001,0.8335600000000001,0.8297200000000001,0.82699,0.8218700000000001,0.82501,0.8266700000000001,0.81872,0.8353200000000001,0.8354600000000001,0.83714,0.8264799999999999,0.81625,0.8261700000000001,0.82826,0.82362,0.8213600000000001,0.8276600000000001,0.81791,0.8165,0.81981,0.82009,0.8248,0.82373,0.83,0.82915,0.83634,0.84252,0.82105,0.8315100000000001,0.82052,0.81347,0.80757,0.79929,0.78466,0.77437,0.7600600000000001,0.75033,0.7387699999999999,0.71618,0.68848,0.68497,0.62754,0.57986,0.5184,0.43104,0.33047,0.17555,0.0061148999999999995,-0.18467,-0.40657,-0.62616,-0.82957,-1.0283,-1.1765,-1.288,-1.3629,-1.3867,-1.4007,-1.4115,-1.4048,-1.402,-1.3917,-1.3785,-1.3754,-1.3629,-1.3604,-1.3607,-1.3621,-1.3608,-1.36
2,-0.66992,-0.66685,-0.66943,-0.67048,-0.6519699999999999,-0.64845,-0.6381399999999999,-0.6330399999999999,-0.6231899999999999,-0.61347,-0.60388,-0.5928399999999999,-0.58639,-0.5789,-0.5728800000000001,-0.57127,-0.57107,-0.57118,-0.5706100000000001,-0.57168,-0.57345,-0.5755100000000001,-0.5767800000000001,-0.58204,-0.5828,-0.5847899999999999,-0.58686,-0.58887,-0.58829,-0.5904699999999999,-0.59004,-0.59041,-0.59101,-0.59087,-0.5897399999999999,-0.5878,-0.58472,-0.58545,-0.5856600000000001,-0.58631,-0.5851,-0.58511,-0.57048,-0.53691,-0.44891000000000003,-0.3159,-0.14163,0.095612,0.33966,0.4261,0.57531,0.73351,0.8786299999999999,1.0454,1.2229,1.3997,1.5566,1.6634,1.7149,1.7627,1.7633,1.7658,1.77,1.7777,1.7696,1.7745,1.7794,1.7775,1.7768,1.7781,1.7746,1.7666,1.7596,1.7523,1.7513,1.7438,1.7438,1.7361,1.7317,1.7255,1.7181,1.6972,1.6828,1.6526,1.6015,1.5066,1.3762,1.2245,1.0578,0.9083100000000001,0.77042,0.66122,0.5594399999999999,0.45546000000000003,0.3686,0.23201,0.080958,-0.07587,-0.21186,-0.33555999999999997,-0.45493999999999996,-0.56611,-0.66692,-0.7459,-0.8197399999999999,-0.86366,-0.88913,-0.89804,-0.89707,-0.8795299999999999,-0.8536600000000001,-0.82839,-0.80599,-0.7936300000000001,-0.7849,-0.78209,-0.77996,-0.78201,-0.78346,-0.79005,-0.7925,-0.7931199999999999,-0.79106,-0.78678,-0.77672,-0.76865,-0.76461,-0.76151,-0.75871,-0.75857,-0.75743,-0.75716,-0.7573300000000001,-0.75597,-0.7570600000000001,-0.75466,-0.7529600000000001,-0.75363,-0.7533,-0.75167,-0.7491899999999999,-0.75067,-0.75052,-0.7502,-0.74961,-0.74735,-0.7439,-0.7350399999999999,-0.72473,-0.72147
2,-1.1495,-1.1513,-1.1514,-1.1508,-1.1512,-1.147,-1.1499,-1.1514,-1.1486,-1.1486,-1.1502,-1.149,-1.1525,-1.1501,-1.1507,-1.1508,-1.1504,-1.1334,-1.0692,-0.96803,-0.8187800000000001,-0.61485,-0.39229,-0.13485999999999998,0.1149,0.3797,0.58913,0.73463,0.8556600000000001,0.9260700000000001,0.9713,0.9948100000000001,1.0039,1.0023,1.0117,1.0047,1.0044,1.0056,1.0059,1.0093,0.9997799999999999,1.0034,1.0069,1.0041,1.0058,1.0101,1.0065,1.0057,1.0064,1.0052,1.0078,1.001,1.0054,1.0028,1.0007,1.0064,1.0034,1.0042,1.0025,1.002,0.9985,0.9948100000000001,1.0004,0.99524,0.9989299999999999,0.99574,1.0004,0.99474,0.99577,0.9968600000000001,0.9979899999999999,0.9960100000000001,0.99269,0.99435,0.99515,0.9964,0.9964,0.9905299999999999,0.9915200000000001,0.99095,0.9873200000000001,0.99075,0.9883,0.9861200000000001,0.98014,0.98239,0.97135,0.9726799999999999,0.9567700000000001,0.94015,0.93066,0.9034200000000001,0.88494,0.848,0.82465,0.7911600000000001,0.7672100000000001,0.71919,0.6733100000000001,0.59302,0.5020899999999999,0.40379,0.2643,0.11147,-0.044364,-0.20826999999999998,-0.37764000000000003,-0.53256,-0.6902699999999999,-0.81815,-0.94315,-1.0259,-1.1022,-1.1478,-1.178,-1.1792,-1.1805,-1.1775,-1.1747,-1.1675,-1.1578,-1.1531,-1.147,-1.1411,-1.1395,-1.1382,-1.1389,-1.1382,-1.14,-1.1363,-1.1388,-1.1378,-1.1345,-1.135,-1.1318,-1.1314,-1.1282,-1.128,-1.1254,-1.1254,-1.1217,-1.1221,-1.1232,-1.1214,-1.1218,-1.1196,-1.1181,-1.1205,-1.1232,-1.1201
1,-0.71955,-0.72251,-0.72224,-0.72229,-0.72258,-0.72277,-0.72323,-0.72577,-0.72554,-0.7260800000000001,-0.72622,-0.72614,-0.72728,-0.72816,-0.73115,-0.73354,-0.73595,-0.7428600000000001,-0.74755,-0.7519,-0.7569,-0.76095,-0.76708,-0.77298,-0.7768,-0.78117,-0.78472,-0.78574,-0.78518,-0.78454,-0.78464,-0.7844,-0.78104,-0.77247,-0.7478199999999999,-0.72622,-0.72124,-0.74016,-0.7611,-0.7868,-0.79009,-0.77174,-0.74868,-0.72769,-0.69262,-0.64326,-0.57404,-0.44598999999999994,-0.26306,-0.051878,0.21420999999999998,0.4676,0.73601,0.9721299999999999,1.2136,1.4344,1.6164,1.7335,1.7749,1.7817,1.7818,1.7823,1.777,1.7851,1.7832,1.7785,1.7755,1.7745,1.7729,1.7730000000000001,1.7747,1.7727,1.7719,1.778,1.7732,1.7781,1.7781,1.7729,1.7776,1.7656,1.7417,1.7128,1.6589,1.6085,1.5332,1.4492,1.351,1.2658,1.1556,1.0390000000000001,0.92465,0.80645,0.69124,0.56355,0.43091,0.29611,0.15085,0.013451,-0.11091,-0.22716,-0.32561,-0.41191000000000005,-0.47093,-0.5211899999999999,-0.56462,-0.59165,-0.61763,-0.63751,-0.6393399999999999,-0.63026,-0.6139399999999999,-0.59813,-0.57527,-0.55375,-0.5251899999999999,-0.49633999999999995,-0.47272,-0.45782,-0.45924,-0.47911000000000004,-0.51157,-0.54419,-0.5825100000000001,-0.61295,-0.64065,-0.65661,-0.6643899999999999,-0.6644,-0.6606,-0.65451,-0.65237,-0.6522600000000001,-0.65052,-0.64868,-0.64446,-0.64273,-0.63945,-0.63923,-0.64052,-0.6441899999999999,-0.64854,-0.65282,-0.6571199999999999,-0.65776,-0.65947,-0.6600699999999999,-0.66103,-0.6612899999999999,-0.66199,-0.66256
1,-0.97988,-0.95181,-0.91543,-0.86098,-0.8127300000000001,-0.77708,-0.74585,-0.73452,-0.7187,-0.7138100000000001,-0.70619,-0.70965,-0.72044,-0.73903,-0.7551899999999999,-0.7761,-0.78037,-0.7731399999999999,-0.73565,-0.68955,-0.6726,-0.66332,-0.6559699999999999,-0.64218,-0.63726,-0.6342399999999999,-0.62273,-0.6054,-0.59168,-0.57753,-0.55401,-0.5248,-0.49721000000000004,-0.43261000000000005,-0.33646,-0.20645,-0.043512,0.14798,0.36475,0.53785,0.70631,0.84759,0.9829899999999999,1.0862,1.1659,1.2377,1.2991,1.3307,1.3542,1.3615,1.3817,1.3796,1.3849,1.3967,1.3862,1.3865,1.3809,1.3795,1.3804,1.3840000000000001,1.3753,1.3857,1.3843,1.3785,1.3676,1.3691,1.367,1.3635,1.3576,1.3627,1.3592,1.3651,1.3659,1.3599,1.3641,1.3656,1.3656,1.3647,1.365,1.3593,1.3549,1.3495,1.3448,1.3293,1.3123,1.2765,1.236,1.1752,1.1125,1.0218,0.92404,0.8174100000000001,0.70276,0.57592,0.44458000000000003,0.30562,0.16647,0.013954,-0.13530999999999999,-0.26471,-0.39319,-0.48788000000000004,-0.57415,-0.64148,-0.67489,-0.701,-0.71117,-0.71572,-0.71577,-0.72068,-0.72592,-0.7278,-0.73726,-0.7488100000000001,-0.75572,-0.76799,-0.7802600000000001,-0.7873,-0.79133,-0.79192,-0.80614,-0.8232700000000001,-0.85285,-0.9116299999999999,-0.9931200000000001,-1.0619,-1.0948,-1.0959999999999999,-1.0964,-1.0963,-1.0916,-1.09,-1.089,-1.0887,-1.0852,-1.0808,-1.0773,-1.0718,-1.0653,-1.0617,-1.0589,-1.0613,-1.0607,-1.058,-1.0577,-1.0584,-1.0599,-1.0581,-1.0596,-1.0616
1,-1.202,-1.1953,-1.1966,-1.193,-1.1908,-1.188,-1.1862,-1.1838,-1.1854,-1.1861,-1.1848,-1.1845,-1.1854,-1.1853,-1.1861,-1.1765,-1.1466,-1.082,-1.0041,-0.9192,-0.85064,-0.79077,-0.7665,-0.757,-0.75821,-0.75753,-0.74946,-0.73414,-0.72477,-0.70622,-0.69153,-0.69018,-0.69024,-0.67052,-0.63253,-0.5647800000000001,-0.43096999999999996,-0.28585,-0.11310999999999999,0.057468,0.21499000000000001,0.36791999999999997,0.50315,0.6310100000000001,0.75717,0.8722700000000001,0.9589799999999999,1.0329,1.0958,1.1309,1.1515,1.1573,1.1538,1.1482,1.1473,1.1487,1.149,1.1471,1.1515,1.1556,1.1577,1.1604,1.1614,1.1649,1.1608,1.1587,1.1632,1.1571,1.161,1.1622,1.1622,1.1642,1.1661,1.1671,1.1723,1.171,1.171,1.1722,1.1702,1.1738,1.1679,1.1667,1.1676,1.1697,1.1673,1.1673,1.1666,1.1642,1.1608,1.159,1.1564,1.1591,1.1553,1.1549,1.1535,1.1513,1.1456,1.1387,1.1098,1.0807,1.0423,0.98951,0.9116,0.81291,0.70067,0.5727,0.43842,0.29453,0.14538,0.0074494,-0.14125,-0.26513000000000003,-0.37867,-0.48317,-0.57017,-0.64779,-0.71003,-0.76798,-0.80201,-0.8366600000000001,-0.86305,-0.8774700000000001,-0.88707,-0.8923200000000001,-0.89359,-0.89315,-0.89136,-0.88635,-0.88303,-0.8864,-0.8926299999999999,-0.8957200000000001,-0.8961600000000001,-0.90038,-0.9081100000000001,-0.91358,-0.92237,-0.9319799999999999,-0.94665,-0.9639700000000001,-0.9873,-1.03,-1.0899,-1.1707,-1.2551,-1.3337,-1.3716,-1.3677,-1.3428,-1.304
